Category:,Congress,Bill Type,Bill Number,Vote Position
passage,118,hr,2925,Nay
passage-suspension,118,hr,7521,Yea
passage-suspension,118,s,546,Not Voting
passage-suspension,118,hr,4755,Yea
passage-suspension,118,hres,966,Yea
passage-suspension,118,hr,4866,Yea
passage-suspension,118,hres,149,Yea
passage,118,hr,6679,Yea
passage,118,hr,4691,Nay
passage,118,hr,6918,Nay
passage,118,hr,8771,Nay
passage,118,hjres,98,Nay
passage-suspension,118,hr,3250,Yea
passage,118,hr,6914,Nay
passage,118,hr,4639,Nay
passage-suspension,118,s,3427,Yea
passage-suspension,118,hr,5826,Yea
passage,118,hr,8034,Yea
passage,118,hr,529,Yea
passage-suspension,118,hr,7659,Not Voting
passage-suspension,118,hr,4723,Yea
passage-suspension,118,hr,886,Yea
passage-suspension,118,hr,6603,Yea
passage-suspension,118,hr,5528,Yea
passage,118,hr,6678,Nay
passage,118,hr,6046,Yea
passage,118,hres,969,Nay
passage,118,hr,8752,Nay
passage,118,hr,5947,Nay
passage-suspension,118,hr,2754,Yea
passage-suspension,118,s,2051,Yea
passage-suspension,118,hr,6543,Yea
passage,118,hres,1316,Not Voting
passage,118,hr,8146,Nay
passage-suspension,118,hr,3950,Yea
passage-suspension,118,hr,2789,Not Voting
passage-suspension,118,hr,2964,Yea
passage,118,hr,8580,Nay
passage,118,hr,354,Nay
passage-suspension,118,hr,4581,Yea
passage-suspension,118,hr,3935,Yea
passage-suspension,118,hr,1797,Yea
passage-suspension,118,hr,6960,Yea
passage,118,hr,7530,Nay
passage-suspension,118,hr,4310,Yea
passage-suspension,118,s,138,Yea
passage-suspension,118,hr,443,Yea
passage-suspension,118,hr,5921,Yea
passage-suspension,118,hr,3354,Yea
passage,118,hr,8036,Yea
passage-suspension,118,hr,4984,Not Voting
passage,118,hres,1143,Yea
passage-suspension,118,hr,7463,Yea
passage-suspension,118,hr,3843,Yea
passage-suspension,118,hr,7219,Not Voting
passage,118,hr,1121,Nay
passage,118,hr,6192,Nay
passage-suspension,118,hr,3391,Yea
passage-suspension,118,hr,5923,Yea
passage-suspension,118,hr,2882,Yea
veto-override,118,hjres,98,Nay
passage-suspension,118,hr,3838,Yea
passage,118,hr,3195,Nay
passage,118,hr,6009,Nay
passage,118,hr,7700,Nay
passage-suspension,118,hr,7454,Yea
passage,118,hres,1112,Nay
passage,118,hr,7511,Nay
passage,118,hr,6323,Nay
passage-suspension,118,hr,2766,Yea
passage-suspension,118,hr,7525,Not Voting
passage-suspension,118,hr,7102,Yea
passage,118,hr,8774,Nay
passage,118,hres,957,Nay
passage-suspension,118,s,3250,Yea
passage-suspension,118,hr,897,Yea
passage,118,hr,1023,Not Voting
passage-suspension,118,hr,3033,Yea
passage,118,hr,5585,Nay
passage,118,hres,1344,Nay
passage,118,hres,1065,Nay
passage-suspension,118,hr,1767,Yea
passage-suspension,118,hr,4143,Yea
passage,118,hjres,165,Nay
passage-suspension,118,hr,3202,Yea
passage-suspension,118,hr,3738,Yea
passage-suspension,118,hr,4877,Yea
passage,118,hr,2799,Not Voting
passage-suspension,118,hres,883,Yea
passage-suspension,118,hres,288,Yea
passage-suspension,118,hr,6655,Yea
passage-suspension,118,hr,5441,Yea
passage-suspension,118,hr,2872,Yea
passage-suspension,118,hr,5862,Yea
passage-suspension,118,hres,1102,Yea
passage-suspension,118,hr,4824,Yea
passage-suspension,118,hr,1752,Yea
passage,118,hr,8035,Yea
passage-suspension,118,hr,5856,Yea
veto-override,118,hjres,109,Nay
passage,118,hr,615,Nay
passage,118,hr,7109,Nay
passage-suspension,118,hr,6093,Yea
passage-suspension,118,s,870,Yea
passage-suspension,118,hr,4016,Yea
passage,118,hr,8772,Nay
passage-suspension,118,hr,3019,Yea
passage,118,hres,1213,Nay
passage,118,sjres,38,Nay
passage-suspension,118,hr,6571,Yea
passage,118,hr,8282,Yea
passage-suspension,118,hres,901,Not Voting
passage,118,hr,8369,Nay
passage-suspension,118,hr,839,Yea
passage-suspension,118,hr,6572,Yea
passage-suspension,118,hr,5863,Yea
passage,118,hr,788,Nay
passage-suspension,118,hr,7152,Not Voting
passage,118,hr,7581,Yea
passage,118,hr,7343,Nay
passage,118,hres,1292,Nay
passage-suspension,118,hr,6983,Not Voting
passage-suspension,118,hres,1215,Not Voting
passage-suspension,118,hr,4510,Yea
passage,118,hres,1210,Nay
passage,118,hjres,109,Nay
passage,118,hr,7176,Nay
passage,118,hres,1160,Yea
passage,118,hr,8038,Yea
passage-suspension,118,hr,6544,Not Voting
passage,118,hconres,86,Nay
passage,118,hr,7637,Nay
passage-suspension,118,hr,8289,Yea
passage-suspension,118,hres,1061,Yea
passage-suspension,118,hr,7024,Yea
passage-suspension,118,hr,6015,Yea
passage-suspension,118,hr,2560,Not Voting
passage-suspension,118,hr,4681,Yea
passage-suspension,118,hr,7520,Yea
passage-suspension,118,hr,3821,Yea
passage-suspension,118,hr,7423,Yea
passage,118,hr,6090,Yea
passage,118,hres,987,Nay
passage-suspension,118,hr,5375,Yea
passage-suspension,118,hr,1836,Yea
passage-suspension,118,hr,3602,Nay
passage-suspension,118,hr,533,Yea
passage-suspension,118,hr,5917,Yea
passage-suspension,118,hr,7217,Yea
passage-suspension,118,s,382,Not Voting
passage-suspension,118,hr,1727,Yea
passage-suspension,118,hr,6245,Yea
passage-suspension,118,hr,6408,Yea
passage,118,hr,6976,Nay
passage-suspension,118,hconres,25,Yea
passage-suspension,118,hr,4470,Yea
passage-suspension,118,hr,3981,Yea
passage,118,hjres,88,Nay
passage,118,hr,4821,Nay
passage,118,hr,4364,Nay
passage-suspension,118,hr,302,Yea
passage,118,hjres,74,Nay
passage,118,hr,382,Not Voting
passage,118,hres,773,Yea
passage-suspension,118,hr,1607,Not Voting
passage,118,hconres,21,Nay
passage,118,hres,11,Nay
passage-suspension,118,hr,663,Yea
passage,118,hr,2811,Nay
passage-suspension,118,s,475,Yea
passage,118,hr,4468,Nay
passage-suspension,118,hr,1353,Yea
passage,118,hr,4368,Nay
passage-suspension,118,hr,1154,Not Voting
passage-suspension,118,hr,1107,Not Voting
passage,118,hr,4665,Nay
passage-suspension,118,hr,3774,Yea
passage,118,hres,12,Nay
passage-suspension,118,hr,753,Yea
passage,118,hjres,68,Nay
passage,118,hr,26,Nay
passage,118,hjres,70,Nay
passage,118,hconres,9,Nay
passage-suspension,118,hr,2812,Yea
passage,118,hres,845,Yea
passage,118,hres,456,Nay
veto-override,118,hjres,45,Nay
passage,118,hres,521,Nay
passage-suspension,118,hr,1734,Yea
passage-suspension,118,hres,793,Yea
passage,118,hr,288,Nay
passage,118,hr,3799,Nay
passage-suspension,118,hr,2796,Not Voting
passage-suspension,118,hr,3089,Not Voting
passage-suspension,118,hres,888,Yea
passage-suspension,118,hres,363,Not Voting
passage-suspension,118,hres,894,Present
passage-suspension,118,hr,2792,Not Voting
passage,118,sjres,32,Nay
passage-suspension,118,hr,1339,Yea
passage,118,hr,2,Nay
passage,118,hr,277,Nay
passage-suspension,118,hr,1096,Yea
veto-override,118,hjres,42,Nay
passage,118,hr,467,Nay
passage,118,hconres,30,Nay
passage,118,hres,878,Yea
passage-suspension,118,hr,542,Yea
passage-suspension,118,hr,2795,Not Voting
passage,118,hjres,44,Nay
passage,118,hr,1615,Nay
passage-suspension,118,hr,1548,Yea
passage-suspension,118,hr,359,Not Voting
passage,118,hjres,30,Nay
passage-suspension,118,hr,346,Yea
passage-suspension,118,s,111,Yea
passage-suspension,118,hr,300,Yea
passage-suspension,118,hres,798,Yea
passage,118,hr,4366,Nay
passage-suspension,118,hr,3324,Yea
passage,118,hr,140,Nay
passage-suspension,118,hr,406,Yea
passage-suspension,118,hr,1151,Yea
passage-suspension,118,hres,927,Yea
passage-suspension,118,hr,5860,Yea
passage,118,hr,21,Nay
passage-suspension,118,hr,500,Yea
passage-suspension,118,hr,2379,Yea
passage-suspension,118,hres,240,Yea
passage,118,hr,6126,Nay
passage-suspension,118,hr,159,Yea
passage-suspension,118,hr,400,Not Voting
passage,118,hr,2670,Nay
passage,118,hr,1147,Nay
passage-suspension,118,hr,4502,Yea
veto-override,118,hjres,30,Nay
passage,118,hr,1,Nay
passage-suspension,118,hr,1567,Yea
passage,118,sjres,9,Nay
passage,118,hr,4394,Nay
passage,118,hr,139,Nay
passage-suspension,118,hres,559,Yea
passage,118,hjres,71,Nay
passage,118,hjres,7,Nay
passage-suspension,118,hr,1226,Yea
passage-suspension,118,hconres,57,Yea
passage,118,hr,23,Nay
passage,118,hr,4367,Nay
passage-suspension,118,hr,5378,Not Voting
passage,118,hr,734,Not Voting
passage,118,hr,4365,Nay
passage,118,hres,914,Nay
passage-suspension,118,hr,1338,Not Voting
passage,118,hr,5933,Nay
passage,118,hr,1435,Nay
passage-suspension,118,hr,1123,Yea
passage,118,hres,5,Nay
passage-suspension,118,hr,340,Yea
passage,118,hres,76,Nay
passage,118,hjres,79,Nay
passage-suspension,118,hr,813,Yea
passage,118,hr,3935,Yea
passage-suspension,118,hr,3224,Not Voting
passage,118,hr,5692,Yea
passage-suspension,118,hres,90,Yea
passage-suspension,118,hres,311,Yea
passage-suspension,118,s,112,Yea
passage-suspension,118,hr,6503,Not Voting
passage-suspension,118,hr,593,Yea
passage-suspension,118,hr,1105,Yea
passage,118,hconres,40,Present
passage-suspension,118,hr,1156,Yea
passage-suspension,118,hres,382,Yea
passage,118,hr,3564,Nay
passage-suspension,118,hr,2793,Yea
passage-suspension,118,hr,3672,Yea
passage-suspension,118,hr,1076,Yea
passage,118,hr,5961,Nay
passage-suspension,118,hr,1606,Yea
passage,118,hres,461,Nay
passage-suspension,118,hr,2797,Yea
passage,118,hr,1640,Nay
passage-suspension,118,hr,1530,Yea
passage-suspension,118,hr,676,Yea
passage-suspension,118,hr,6363,Yea
passage-suspension,118,hr,1715,Yea
passage-suspension,118,hr,1547,Yea
passage,118,sjres,11,Nay
passage-suspension,118,hr,1669,Yea
passage-suspension,118,hres,377,Not Voting
passage-suspension,118,hr,3099,Yea
passage-suspension,118,hr,5110,Yea
passage,118,hjres,45,Nay
veto-override,118,hjres,39,Nay
passage-suspension,118,hr,3848,Yea
passage,118,hjres,39,Nay
passage-suspension,118,hr,1149,Yea
passage,118,hres,757,Yea
passage-suspension,118,hr,589,Yea
passage,118,hjres,27,Nay
passage-suspension,118,hr,5524,Yea
passage-suspension,118,hr,5119,Yea
passage-suspension,118,hr,1159,Yea
passage-suspension,118,hr,3152,Yea
passage-suspension,118,hres,771,Yea
veto-override,118,hjres,27,Nay
passage,118,hconres,3,Nay
passage-suspension,118,hres,132,Yea
passage,118,hjres,24,Nay
passage,118,hr,185,Nay
passage-suspension,118,hr,2670,Yea
passage,118,hr,5525,Nay
passage,118,hr,3941,Nay
passage,118,hres,75,Not Voting
passage-suspension,118,hr,2365,Yea
passage,118,sjres,24,Nay
passage-suspension,118,s,788,Yea
passage-suspension,118,hr,1093,Yea
passage,118,hr,497,Not Voting
passage,118,hjres,42,Nay
passage,118,s,619,Yea
passage-suspension,118,hr,4531,Yea
passage-suspension,118,hres,492,Yea
passage-suspension,118,hres,104,Yea
passage-suspension,118,hconres,7,Yea
passage,118,hjres,26,Nay
passage-suspension,118,hr,538,Yea
passage,118,hr,22,Nay
