Category:,Congress,Bill Type,Bill Number,Vote Position
passage,113,hr,803,Nay
passage-suspension,113,hr,324,Yea
passage-suspension,113,hjres,72,Nay
passage-suspension,113,hr,1073,Yea
passage,113,hr,45,Nay
passage,113,hr,273,Nay
passage,113,hconres,15,Nay
passage,113,hr,2667,Nay
passage,113,hconres,25,Nay
passage-suspension,113,hjres,70,Nay
passage-suspension,113,hr,756,Yea
passage,113,hres,164,Nay
passage-suspension,113,hr,3205,Yea
passage-suspension,113,hr,507,Yea
passage,113,hres,66,Nay
passage,113,hr,933,Nay
passage-suspension,113,hres,65,Yea
passage,113,hres,300,Nay
passage-suspension,113,hjres,71,Yea
passage-suspension,113,hjres,91,Yea
passage,113,hres,122,Nay
passage-suspension,113,hr,1412,Yea
passage-suspension,113,hr,2611,Yea
passage-suspension,113,hr,2848,Yea
passage-suspension,113,hr,291,Yea
passage-suspension,113,hr,967,Yea
passage-suspension,113,hr,1341,Yea
passage,113,hres,202,Nay
passage-suspension,113,hr,2011,Yea
passage-suspension,113,hr,1163,Yea
passage-suspension,113,hr,253,Yea
passage-suspension,113,hr,3588,Yea
passage-suspension,113,hr,1911,Yea
passage-suspension,113,hr,3095,Yea
passage-suspension,113,hr,634,Yea
passage-suspension,113,hr,251,Yea
passage-suspension,113,hr,255,Yea
passage-suspension,113,hr,850,Yea
passage-suspension,113,hr,3547,Yea
passage,113,hres,266,Nay
passage-suspension,113,hr,862,Yea
passage-suspension,113,hr,1157,Yea
passage,113,hres,256,Nay
passage,113,hres,351,Nay
passage,113,hres,352,Nay
passage-suspension,113,hres,441,Not Voting
passage-suspension,113,hr,2600,Yea
passage-suspension,113,hr,2747,Yea
passage-suspension,113,hr,3092,Yea
passage,113,hres,361,Nay
passage,113,hr,2775,Nay
passage,113,hres,322,Nay
passage-suspension,113,hr,3521,Yea
passage-suspension,113,hr,2449,Yea
passage,113,hres,366,Nay
passage,113,hres,339,Nay
passage-suspension,113,hr,1155,Yea
passage-suspension,113,hr,1896,Yea
passage-suspension,113,hr,1992,Yea
passage-suspension,113,hr,1402,Yea
passage,113,hres,438,Nay
passage-suspension,113,hr,1897,Yea
passage,113,hres,274,Nay
passage,113,hres,178,Nay
passage,113,hjres,79,Nay
passage-suspension,113,hr,360,Yea
passage-suspension,113,hr,2871,Yea
passage,113,hjres,85,Nay
passage-suspension,113,sconres,10,Yea
passage-suspension,113,hr,307,Yea
passage,113,hr,3223,Yea
passage-suspension,113,hr,338,Yea
passage-suspension,113,hr,701,Yea
passage,113,hr,2609,Nay
passage,113,hjres,73,Nay
passage-suspension,113,hr,1206,Yea
passage,113,hjres,99,Nay
passage,113,hres,175,Nay
passage-suspension,113,hr,297,Yea
passage-suspension,113,hr,1765,Nay
passage-suspension,113,s,622,Yea
passage-suspension,113,hr,384,Yea
passage,113,hjres,75,Nay
passage-suspension,113,hr,668,Yea
passage-suspension,113,hr,767,Yea
passage-suspension,113,hr,1542,Yea
passage-suspension,113,hr,1162,Yea
passage,113,hres,288,Nay
passage,113,hr,3080,Yea
passage-suspension,113,hr,882,Yea
passage-suspension,113,hr,185,Yea
passage-suspension,113,hr,1171,Yea
passage,113,hres,368,Nay
passage,113,hr,2642,Nay
passage-suspension,113,hr,258,Yea
passage,113,hres,115,Nay
passage-suspension,113,hr,1344,Yea
passage-suspension,113,hr,2576,Yea
passage,113,hres,367,Nay
passage-suspension,113,hres,77,Yea
passage-suspension,113,hr,267,Yea
passage,113,hr,3273,Nay
passage-suspension,113,hr,667,Yea
passage-suspension,113,hconres,19,Yea
passage-suspension,113,hr,307,Yea
passage,113,hr,2775,Yea
passage-suspension,113,hr,1564,Yea
passage,113,hr,152,Yea
passage-suspension,113,hr,2189,Yea
passage-suspension,113,hr,249,Nay
passage,113,hres,23,Yea
passage,113,hjres,89,Yea
passage,113,hr,2668,Nay
passage,113,hres,215,Nay
passage-suspension,113,hr,1848,Yea
passage-suspension,113,s,1348,Yea
passage-suspension,113,hconres,18,Yea
passage,113,hr,2216,Not Voting
passage-suspension,113,hr,2844,Yea
passage,113,hres,5,Nay
passage,113,hr,3102,Nay
passage-suspension,113,hres,354,Yea
passage,113,hr,761,Not Voting
passage-suspension,113,hr,219,Yea
passage,113,hr,2217,Nay
passage-suspension,113,hr,742,Yea
passage,113,hr,2397,Nay
passage-suspension,113,hr,876,Yea
passage-suspension,113,hr,2383,Yea
passage-suspension,113,hr,1204,Yea
passage-suspension,113,hr,1038,Yea
passage-suspension,113,hr,1961,Nay
passage-suspension,113,hr,2052,Yea
passage-suspension,113,hr,41,Yea
passage-suspension,113,hr,2719,Yea
passage-suspension,113,hr,1092,Yea
passage-suspension,113,hr,1151,Yea
passage-suspension,113,s,1471,Yea
passage-suspension,113,hr,2319,Yea
passage-suspension,113,s,459,Not Voting
passage-suspension,113,s,130,Not Voting
passage,113,hr,3210,Yea
passage,113,hjres,59,Nay
passage-suspension,113,hr,2019,Nay
passage,113,hr,1797,Nay
passage-suspension,113,hr,3212,Yea
passage,113,hr,2879,Nay
passage-suspension,113,hr,1864,Yea
passage-suspension,113,s,793,Yea
passage-suspension,113,hr,2251,Yea
passage-suspension,113,hr,1412,Yea
passage-suspension,113,hr,301,Yea
passage-suspension,113,s,304,Not Voting
passage,113,hjres,59,Nay
passage-suspension,113,s,256,Not Voting
passage,113,hres,83,Yea
passage,113,hr,807,Nay
passage-suspension,113,hconres,58,Yea
passage-suspension,113,hr,1580,Not Voting
passage,113,hjres,77,Nay
passage,113,hres,243,Nay
passage-suspension,113,hr,1035,Yea
passage,113,hres,370,Nay
passage-suspension,113,hr,254,Yea
passage,113,hres,380,Not Voting
passage-suspension,113,hr,1067,Yea
passage-suspension,113,hr,2061,Yea
passage-suspension,113,hr,2922,Yea
passage-suspension,113,hr,592,Yea
passage-suspension,113,hr,588,Yea
passage-suspension,113,hr,1033,Yea
passage,113,hres,232,Nay
passage,113,hr,933,Nay
passage,113,hr,678,Yea
passage,113,hr,3230,Nay
passage,113,hres,371,Nay
passage-suspension,113,hconres,44,Yea
passage-suspension,113,hr,180,Not Voting
passage,113,hres,146,Nay
passage,113,hr,624,Yea
passage,113,hr,527,Yea
passage-suspension,113,hr,272,Yea
passage-suspension,113,hr,1068,Yea
passage,113,hres,378,Not Voting
passage-suspension,113,hr,225,Yea
passage-suspension,113,hr,5405,Nay
passage-suspension,113,s,476,Yea
passage-suspension,113,hr,2366,Yea
passage,113,hres,661,Nay
passage,113,hr,6,Nay
passage-suspension,113,hr,5739,Yea
passage,113,hres,530,Nay
passage-suspension,113,hr,2860,Yea
passage,113,hr,83,Nay
passage,113,hres,501,Nay
passage-suspension,113,hr,5699,Not Voting
passage-suspension,113,hr,3060,Yea
passage,113,hr,3547,Yea
passage-suspension,113,s,1000,Yea
passage-suspension,113,hr,3572,Yea
passage-suspension,113,hr,3240,Yea
passage-suspension,113,s,2154,Yea
passage-suspension,113,hr,4263,Yea
passage,113,hres,775,Nay
passage-suspension,113,hr,1233,Yea
passage,113,hres,465,Nay
passage,113,hr,5781,Not Voting
passage-suspension,113,hr,1813,Yea
passage,113,hr,3811,Nay
passage-suspension,113,hr,5806,Nay
passage-suspension,113,hres,599,Yea
passage-suspension,113,hr,724,Yea
passage-suspension,113,hr,5089,Yea
passage,113,hres,680,Nay
passage,113,hr,5016,Nay
passage,113,hr,5078,Nay
passage,113,hjres,76,Yea
passage-suspension,113,hr,4225,Yea
passage-suspension,113,hr,3628,Yea
passage-suspension,113,hr,3527,Yea
passage,113,hres,575,Nay
passage,113,hr,4935,Nay
passage-suspension,113,hr,3202,Yea
passage,113,hres,567,Nay
passage-suspension,113,hr,3230,Yea
passage-suspension,113,hr,4751,Yea
passage-suspension,113,hr,4450,Yea
passage-suspension,113,hr,4411,Yea
passage,113,hr,4923,Nay
passage-suspension,113,hr,4195,Yea
passage-suspension,113,hr,2678,Yea
passage,113,hres,694,Nay
passage,113,hr,3361,Nay
passage-suspension,113,hr,2548,Yea
passage-suspension,113,hr,863,Yea
passage,113,hres,676,Nay
passage-suspension,113,hr,1022,Yea
passage,113,hr,4745,Nay
passage,113,hr,4719,Nay
passage,113,hres,766,Nay
passage-suspension,113,hr,357,Yea
passage,113,hr,4453,Nay
passage-suspension,113,hr,3474,Yea
passage-suspension,113,hr,4120,Yea
passage,113,hr,3865,Not Voting
passage-suspension,113,hres,447,Yea
passage-suspension,113,hr,4278,Yea
passage-suspension,113,hr,627,Yea
passage-suspension,113,hr,1944,Nay
passage,113,hr,4,Nay
passage,113,hconres,96,Nay
passage-suspension,113,s,25,Nay
passage-suspension,113,hres,758,Yea
passage-suspension,113,hr,4152,Yea
passage-suspension,113,hr,1791,Yea
passage,113,hres,629,Nay
passage-suspension,113,hr,5769,Yea
passage,113,s,540,Yea
passage-suspension,113,hr,938,Yea
passage,113,hr,2,Nay
passage-suspension,113,hr,4152,Yea
passage-suspension,113,hres,488,Yea
passage,113,hr,4414,Nay
passage-suspension,113,hr,4192,Yea
passage-suspension,113,hr,4681,Yea
passage-suspension,113,s,230,Yea
passage,113,hr,4457,Nay
passage-suspension,113,hr,2274,Yea
passage-suspension,113,hr,1204,Yea
passage,113,hr,4870,Nay
passage,113,hr,3979,Yea
passage,113,hr,4015,Nay
passage-suspension,113,hr,3008,Yea
passage-suspension,113,hr,5462,Yea
passage-suspension,113,hr,3584,Yea
passage-suspension,113,hr,5461,Nay
passage-suspension,113,s,2040,Yea
passage-suspension,113,s,2183,Yea
passage-suspension,113,hr,3438,Yea
passage-suspension,113,s,1044,Yea
passage-suspension,113,hr,2166,Yea
passage,113,hr,5759,Nay
passage,113,s,2244,Yea
passage,113,hr,3362,Nay
passage,113,hres,776,Nay
passage-suspension,113,hr,801,Yea
passage-suspension,113,hr,2719,Yea
passage-suspension,113,hr,1513,Yea
passage-suspension,113,hr,5629,Yea
passage-suspension,113,hr,5050,Yea
passage,113,hr,3590,Nay
passage-suspension,113,s,1603,Yea
passage,113,hr,4487,Yea
passage-suspension,113,hr,4292,Yea
passage-suspension,113,hr,24,Nay
passage,113,hr,3393,Nay
passage-suspension,113,hr,3080,Yea
passage-suspension,113,hr,5019,Yea
passage-suspension,113,hr,2203,Yea
passage,113,hres,644,Nay
passage,113,hr,5230,Nay
passage,113,hr,4438,Nay
passage-suspension,113,hr,5111,Yea
passage-suspension,113,hr,4031,Yea
passage-suspension,113,hr,503,Yea
passage,113,hres,590,Nay
passage-suspension,113,hr,685,Yea
passage,113,hres,715,Nay
passage-suspension,113,hr,4283,Yea
passage-suspension,113,hr,3530,Yea
passage,113,hres,710,Nay
passage-suspension,113,hr,4412,Yea
passage-suspension,113,hr,5029,Yea
passage-suspension,113,hr,935,Nay
passage,113,hres,574,Nay
passage,113,hres,565,Nay
passage,113,hconres,105,Yea
passage,113,hres,722,Nay
passage-suspension,113,hr,4809,Yea
passage-suspension,113,hr,5108,Yea
passage,113,hr,4660,Nay
passage-suspension,113,hr,5161,Yea
passage,113,hres,576,Nay
passage-suspension,113,hr,5081,Yea
passage-suspension,113,hr,4289,Yea
passage-suspension,113,hr,2431,Yea
passage,113,hr,4118,Nay
passage,113,hres,748,Nay
passage,113,hr,4486,Yea
passage-suspension,113,hr,1211,Yea
passage-suspension,113,hr,1123,Yea
passage-suspension,113,hr,4414,Nay
passage,113,hr,7,Nay
passage,113,hres,617,Yea
passage,113,hres,628,Nay
passage-suspension,113,hr,3979,Yea
passage-suspension,113,hr,803,Yea
passage-suspension,113,hr,3370,Yea
passage-suspension,113,hr,3448,Yea
passage-suspension,113,hr,316,Yea
passage-suspension,113,hr,4194,Yea
passage-suspension,113,hr,5162,Yea
passage-suspension,113,hr,1228,Yea
passage-suspension,113,hr,2126,Yea
passage-suspension,113,hres,499,Yea
passage-suspension,113,hr,1671,Yea
passage,113,hr,647,Yea
passage-suspension,113,hr,3375,Yea
passage,113,hr,2642,Nay
passage,114,s,1,Nay
passage,114,hr,3504,Nay
passage-suspension,114,hconres,25,Yea
passage,114,hres,315,Nay
passage,114,hres,347,Nay
passage,114,hres,305,Nay
passage,114,hres,42,Nay
passage,114,hres,462,Nay
passage,114,hr,2029,Yea
passage-suspension,114,hr,1020,Yea
passage-suspension,114,hr,203,Yea
passage-suspension,114,hr,294,Yea
passage-suspension,114,hr,23,Yea
passage-suspension,114,hres,348,Yea
passage-suspension,114,hres,162,Yea
passage,114,hr,685,Nay
passage,114,hr,2029,Nay
passage,114,hr,2685,Nay
passage-suspension,114,hr,322,Yea
passage,114,hres,461,Nay
passage,114,hr,644,Nay
passage-suspension,114,hr,360,Yea
passage-suspension,114,hr,33,Yea
passage,114,hres,129,Nay
passage,114,hr,2393,Yea
passage,114,hr,1937,Nay
passage-suspension,114,hr,33,Not Voting
passage,114,hr,3,Nay
passage-suspension,114,hr,1313,Yea
passage,114,hr,3236,Yea
passage-suspension,114,hr,675,Yea
passage,114,hr,2048,Yea
passage,114,hr,2028,Nay
passage-suspension,114,hr,91,Yea
passage,114,hr,2250,Nay
passage-suspension,114,s,1170,Yea
passage,114,hr,1994,Nay
passage-suspension,114,hr,2722,Yea
passage-suspension,114,hr,158,Yea
passage,114,hres,260,Nay
passage-suspension,114,s,1090,Yea
passage-suspension,114,hr,2770,Yea
passage-suspension,114,hr,3750,Yea
passage-suspension,114,s,1482,Yea
passage,114,hr,3461,Yea
passage,114,hr,2262,Nay
passage-suspension,114,hr,2499,Yea
passage,114,hres,526,Nay
passage,114,hr,1737,Nay
passage,114,hres,411,Nay
passage-suspension,114,hr,1214,Yea
passage-suspension,114,hr,2297,Yea
passage,114,s,1177,Yea
passage-suspension,114,hr,1656,Yea
passage-suspension,114,hr,4246,Yea
passage,114,hr,1210,Nay
passage-suspension,114,hr,1694,Nay
passage,114,hres,274,Nay
passage-suspension,114,hr,251,Yea
passage,114,hr,2578,Nay
passage,114,hr,3192,Nay
passage,114,hr,2577,Nay
passage-suspension,114,hres,354,Yea
passage-suspension,114,hr,876,Not Voting
passage,114,hr,597,Yea
passage,114,hr,749,Yea
passage-suspension,114,hr,1853,Yea
passage-suspension,114,hr,719,Yea
passage-suspension,114,hr,1265,Yea
passage-suspension,114,hr,361,Yea
passage-suspension,114,hr,1615,Yea
passage,114,hres,321,Nay
passage,114,hres,448,Nay
passage,114,sconres,11,Nay
passage-suspension,114,hr,651,Yea
passage,114,hr,1295,Yea
passage-suspension,114,hr,2200,Yea
passage-suspension,114,hr,647,Not Voting
passage-suspension,114,hr,648,Not Voting
passage,114,hres,507,Nay
passage,114,hr,1314,Yea
passage,114,hr,240,Nay
passage,114,hr,1295,Yea
passage,114,hres,223,Nay
passage,114,hres,338,Nay
passage,114,hr,351,Nay
passage-suspension,114,hr,1480,Yea
passage,114,hr,160,Nay
passage-suspension,114,hres,295,Yea
passage,114,hres,483,Nay
passage,114,hr,2289,Nay
passage,114,hjres,35,Nay
passage-suspension,114,hr,3350,Yea
passage-suspension,114,hr,734,Yea
passage-suspension,114,hr,431,Yea
passage,114,hr,622,Nay
passage-suspension,114,hr,1553,Yea
passage-suspension,114,hr,2559,Yea
passage-suspension,114,hr,1563,Nay
passage,114,hr,3457,Nay
passage-suspension,114,hr,91,Yea
passage-suspension,114,hr,469,Yea
passage-suspension,114,hr,3493,Yea
passage-suspension,114,hr,216,Yea
passage,114,hres,163,Nay
passage,114,hr,692,Nay
passage,114,hr,10,Nay
passage,114,hres,303,Nay
passage,114,hres,48,Nay
passage-suspension,114,hr,1562,Yea
passage-suspension,114,hres,233,Yea
passage-suspension,114,hr,4239,Yea
passage,114,hr,1735,Nay
passage-suspension,114,hr,1839,Yea
passage,114,hr,650,Nay
passage,114,hr,161,Nay
passage,114,hr,1195,Nay
passage,114,hr,2029,Nay
passage-suspension,114,hr,246,Yea
passage-suspension,114,hr,720,Yea
passage,114,hjres,43,Nay
passage-suspension,114,hr,212,Yea
passage-suspension,114,hr,2256,Yea
passage-suspension,114,hr,2146,Yea
passage,114,hres,5,Nay
passage-suspension,114,hr,2288,Yea
passage-suspension,114,hr,1300,Yea
passage-suspension,114,hr,2297,Yea
passage-suspension,114,hr,26,Yea
passage-suspension,114,hr,606,Yea
passage,114,hr,2130,Nay
passage-suspension,114,hr,308,Nay
passage-suspension,114,hr,1382,Yea
passage-suspension,114,hr,1384,Yea
passage,114,hres,288,Nay
passage-suspension,114,hr,3578,Yea
passage,114,hr,22,Yea
passage-suspension,114,hr,37,Nay
passage-suspension,114,hr,3842,Yea
passage-suspension,114,hr,2795,Yea
passage-suspension,114,hr,1191,Yea
passage-suspension,114,hr,1557,Yea
passage,114,hres,255,Nay
passage-suspension,114,hr,2270,Yea
passage-suspension,114,hr,22,Yea
passage-suspension,114,s,178,Yea
passage-suspension,114,hr,1338,Yea
passage,114,hres,271,Nay
passage-suspension,114,s,1356,Yea
passage-suspension,114,hr,1723,Yea
passage,114,hres,529,Nay
passage,114,hres,287,Nay
passage,114,hr,511,Nay
passage-suspension,114,hres,536,Yea
passage,114,hres,370,Nay
passage-suspension,114,s,1359,Yea
passage,114,sjres,23,Nay
passage-suspension,114,hr,3114,Yea
passage,114,hr,880,Nay
passage-suspension,114,hr,2997,Yea
passage,114,sjres,24,Nay
passage-suspension,114,hr,1949,Yea
passage,114,hres,412,Nay
passage-suspension,114,hr,2820,Yea
passage-suspension,114,hr,2835,Yea
passage-suspension,114,hr,615,Yea
passage,114,hconres,55,Yea
passage,114,hconres,27,Nay
passage-suspension,114,s,2082,Yea
passage-suspension,114,hr,1259,Yea
passage-suspension,114,hr,805,Not Voting
passage,114,hr,719,Yea
passage-suspension,114,hr,373,Yea
passage,114,hr,538,Nay
passage-suspension,114,hr,1191,Yea
passage,114,hr,1090,Nay
passage-suspension,114,hr,2576,Not Voting
passage-suspension,114,hr,1324,Yea
passage-suspension,114,hr,2786,Yea
passage,114,hr,1190,Not Voting
passage,114,hr,2,Yea
passage,114,hres,173,Not Voting
passage,114,hconres,79,Nay
passage-suspension,114,hr,623,Yea
passage,114,hres,450,Yea
passage,114,sjres,8,Nay
passage,114,hr,2017,Nay
passage-suspension,114,hr,4096,Yea
passage,114,hres,863,Not Voting
passage,114,hr,4890,Nay
passage-suspension,114,hr,4855,Yea
passage-suspension,114,hr,5977,Yea
passage-suspension,114,s,719,Yea
passage-suspension,114,hr,5713,Yea
passage-suspension,114,hr,757,Yea
passage-suspension,114,hr,5859,Yea
passage-suspension,114,hr,4570,Yea
passage-suspension,114,hres,658,Yea
passage-suspension,114,hr,5388,Not Voting
passage,114,hr,5293,Nay
veto-override,114,s,2040,Yea
passage,114,hres,934,Nay
passage,114,hr,4557,Nay
passage,114,hr,6392,Nay
passage-suspension,114,hr,5963,Yea
passage-suspension,114,hr,5037,Yea
passage,114,hr,5461,Nay
passage-suspension,114,hr,897,Nay
passage,114,sjres,22,Nay
passage-suspension,114,hr,5613,Yea
passage,114,hr,1270,Nay
passage,114,hr,3724,Nay
passage-suspension,114,hr,6007,Yea
passage-suspension,114,hr,4820,Nay
passage-suspension,114,hr,4314,Not Voting
passage-suspension,114,s,1826,Yea
passage,114,hres,783,Nay
passage-suspension,114,hr,5047,Yea
passage-suspension,114,hr,5471,Yea
passage-suspension,114,hr,1567,Yea
passage-suspension,114,hr,5525,Not Voting
passage-suspension,114,hr,5658,Yea
passage,114,hr,5143,Nay
passage,114,hres,770,Nay
passage-suspension,114,hr,6076,Yea
passage-suspension,114,hr,4906,Not Voting
passage,114,s,304,Nay
passage-suspension,114,s,2971,Yea
passage-suspension,114,hr,4904,Not Voting
passage,114,hr,4775,Not Voting
passage-suspension,114,s,3028,Yea
passage,114,hres,744,Nay
passage-suspension,114,hr,3881,Yea
passage,114,hr,5243,Nay
passage,114,hr,2576,Yea
passage,114,hres,735,Nay
passage,114,hr,5631,Nay
passage-suspension,114,hr,5015,Yea
passage,114,hconres,112,Nay
passage-suspension,114,hr,6416,Yea
passage-suspension,114,hr,5607,Yea
passage-suspension,114,hr,5312,Yea
passage,114,s,764,Yea
passage-suspension,114,hr,3998,Yea
passage,114,hr,5424,Nay
passage-suspension,114,hr,5606,Nay
passage-suspension,114,hr,4939,Yea
passage,114,s,2943,Yea
passage,114,hr,4596,Yea
passage-suspension,114,hr,6014,Yea
passage-suspension,114,hr,598,Yea
passage-suspension,114,hr,2285,Yea
passage-suspension,114,hres,780,Yea
passage-suspension,114,hr,2669,Yea
passage-suspension,114,hconres,75,Yea
passage-suspension,114,hr,5625,Yea
passage-suspension,114,hr,5785,Yea
passage,114,hr,3340,Nay
passage-suspension,114,hr,4470,Yea
passage-suspension,114,hr,2901,Yea
passage,114,hr,2577,Nay
passage,114,hr,4641,Yea
passage-suspension,114,hr,6297,Yea
passage-suspension,114,hconres,121,Yea
passage-suspension,114,hr,5523,Yea
passage-suspension,114,hr,5946,Yea
passage-suspension,114,hr,3231,Yea
passage-suspension,114,hr,4416,Yea
passage-suspension,114,hr,5147,Yea
passage-suspension,114,hr,4843,Yea
passage,114,hr,1675,Nay
passage,114,hr,4498,Not Voting
passage,114,hr,3791,Nay
passage,114,hjres,88,Nay
passage-suspension,114,hr,4676,Yea
passage-suspension,114,hr,5690,Yea
passage-suspension,114,hr,5392,Not Voting
passage-suspension,114,hr,136,Yea
passage-suspension,114,s,3283,Yea
passage-suspension,114,hr,6393,Yea
passage,114,hres,893,Nay
passage-suspension,114,hr,5389,Not Voting
passage-suspension,114,hr,3735,Yea
passage-suspension,114,hr,5798,Yea
veto-override,114,hjres,88,Nay
passage-suspension,114,hr,4419,Yea
passage-suspension,114,hr,4336,Yea
passage,114,hr,4885,Nay
passage-suspension,114,hr,4407,Yea
passage,114,hr,5485,Nay
passage-suspension,114,hr,757,Yea
passage-suspension,114,hr,4923,Yea
passage-suspension,114,s,1252,Yea
passage,114,hr,3590,Nay
passage-suspension,114,hr,4168,Yea
passage-suspension,114,s,1550,Yea
passage-suspension,114,hr,4755,Yea
passage-suspension,114,hr,4742,Yea
passage-suspension,114,hr,5049,Yea
passage-suspension,114,hr,3537,Not Voting
passage,114,hr,3716,Yea
passage-suspension,114,hr,4238,Yea
passage-suspension,114,hr,2187,Yea
passage-suspension,114,hr,2646,Yea
passage-suspension,114,hr,4408,Yea
passage-suspension,114,hr,699,Yea
passage-suspension,114,hr,5587,Yea
passage,114,s,524,Yea
passage-suspension,114,hr,4743,Yea
passage-suspension,114,hres,729,Yea
passage-suspension,114,hr,4402,Yea
passage,114,s,524,Yea
passage,114,hr,3762,Nay
passage,114,hr,4992,Nay
passage-suspension,114,hr,4889,Nay
passage-suspension,114,hr,4919,Yea
passage,114,hres,767,Not Voting
passage,114,hr,4974,Nay
passage,114,hr,5119,Nay
passage-suspension,114,hr,5578,Yea
passage,114,hr,5538,Nay
passage-suspension,114,hr,3826,Not Voting
passage-suspension,114,hr,1219,Yea
passage-suspension,114,hr,5790,Yea
passage-suspension,114,hr,1815,Not Voting
passage,114,hr,2028,Nay
passage,114,hres,949,Nay
passage,114,hconres,89,Nay
passage-suspension,114,hres,939,Yea
passage-suspension,114,hr,6427,Yea
passage,114,hr,5055,Nay
passage-suspension,114,hr,5602,Yea
passage,114,hres,859,Nay
passage,114,hres,743,Nay
passage-suspension,114,hres,835,Yea
passage-suspension,114,hr,5077,Yea
passage-suspension,114,hconres,129,Not Voting
passage,114,hres,820,Nay
passage-suspension,114,s,1635,Yea
passage,114,hres,819,Nay
passage-suspension,114,hr,6394,Yea
passage,114,hr,5325,Nay
passage-suspension,114,hres,847,Yea
passage-suspension,114,hres,660,Yea
passage-suspension,114,hr,4586,Yea
passage,114,hr,5620,Nay
passage,114,hr,3700,Yea
passage-suspension,114,hr,670,Yea
passage-suspension,114,hr,3957,Yea
passage,114,hr,5046,Yea
passage,114,hr,766,Nay
passage-suspension,114,hr,4957,Yea
passage-suspension,114,hr,3036,Yea
passage,114,hres,706,Nay
passage,114,hr,5719,Nay
passage-suspension,114,hr,5422,Yea
passage-suspension,114,hr,985,Yea
passage-suspension,114,s,2426,Yea
passage-suspension,114,hr,2081,Yea
passage,114,hres,639,Nay
passage-suspension,114,hr,5019,Yea
passage,114,hres,619,Not Voting
passage-suspension,114,hr,5052,Yea
passage-suspension,114,hr,5659,Yea
passage-suspension,114,s,1890,Yea
passage-suspension,114,hr,4854,Yea
passage,114,hr,3662,Nay
passage,114,hr,5351,Nay
passage-suspension,114,hr,1818,Yea
veto-override,114,hr,3762,Nay
passage-suspension,114,hr,3447,Yea
passage,114,hr,5325,Yea
passage,114,hr,5711,Nay
passage,114,hres,649,Nay
passage,114,hres,921,Nay
passage,114,hr,6094,Nay
passage-suspension,114,hr,4434,Yea
passage-suspension,114,hr,4757,Yea
passage-suspension,114,hr,5320,Yea
passage-suspension,115,hr,244,Yea
passage,115,hjres,41,Nay
passage-suspension,115,hr,654,Yea
passage,115,hres,538,Nay
passage,115,hr,4015,Nay
passage-suspension,115,hr,3823,Nay
passage-suspension,115,hr,3243,Yea
passage-suspension,115,hr,699,Yea
passage-suspension,115,hr,1698,Yea
passage-suspension,115,hr,3903,Yea
passage,115,hr,1301,Yea
passage,115,hres,454,Nay
passage,115,hr,5,Nay
passage-suspension,115,hr,2061,Yea
passage,115,hjres,38,Nay
passage-suspension,115,hr,974,Yea
passage-suspension,115,hr,337,Not Voting
passage,115,hres,175,Not Voting
passage-suspension,115,hr,2521,Yea
passage,115,hres,11,Yea
passage,115,hres,180,Nay
passage-suspension,115,hr,452,Yea
passage,115,hr,2201,Nay
passage-suspension,115,hr,2052,Yea
passage-suspension,115,hr,1842,Yea
passage-suspension,115,hr,876,Yea
passage-suspension,115,hr,2658,Yea
passage,115,hr,3017,Yea
passage,115,hr,2396,Nay
passage-suspension,115,hr,3911,Yea
passage,115,hr,1973,Yea
passage,115,hres,352,Nay
passage,115,hr,244,Yea
passage-suspension,115,hr,3071,Yea
passage,115,hres,599,Yea
passage-suspension,115,hr,467,Yea
passage,115,hr,4324,Nay
passage,115,hjres,123,Nay
passage,115,hr,601,Yea
passage-suspension,115,hres,187,Yea
passage-suspension,115,hr,1312,Yea
passage-suspension,115,hr,4254,Yea
passage-suspension,115,hconres,90,Yea
passage,115,hjres,99,Yea
passage,115,hr,1,Nay
passage-suspension,115,hres,92,Yea
passage-suspension,115,hr,3731,Yea
passage-suspension,115,s,496,Yea
passage,115,hres,504,Nay
passage,115,hres,600,Nay
passage,115,hr,115,Nay
passage,115,hres,375,Nay
passage-suspension,115,hr,3115,Yea
passage-suspension,115,hr,1177,Yea
passage,115,hr,3922,Nay
passage,115,hr,2874,Nay
passage,115,hr,2910,Nay
passage-suspension,115,hr,1066,Yea
passage,115,hr,1,Nay
passage-suspension,115,hr,910,Yea
passage,115,hres,668,Nay
passage-suspension,115,hr,657,Yea
passage,115,hr,10,Nay
passage-suspension,115,hr,2672,Yea
passage-suspension,115,hr,2825,Nay
passage,115,hr,2810,Nay
passage,115,hr,2192,Yea
passage-suspension,115,hr,2768,Yea
passage,115,hr,3219,Nay
passage-suspension,115,hr,3562,Yea
passage-suspension,115,hres,311,Yea
passage-suspension,115,hr,39,Yea
passage-suspension,115,hr,497,Yea
passage,115,hres,548,Nay
passage-suspension,115,s,1532,Yea
passage-suspension,115,hjres,92,Yea
passage,115,sconres,3,Nay
passage-suspension,115,hr,538,Yea
passage-suspension,115,hr,1397,Yea
passage,115,hr,3003,Nay
passage,115,hres,123,Nay
passage-suspension,115,hr,423,Yea
passage-suspension,115,s,504,Yea
passage-suspension,115,hr,2866,Yea
passage-suspension,115,hres,397,Yea
passage-suspension,115,hr,582,Yea
passage,115,hr,1367,Not Voting
passage,115,hjres,67,Nay
passage,115,hr,428,Nay
passage-suspension,115,hr,374,Yea
passage-suspension,115,hr,1353,Yea
passage-suspension,115,hjres,76,Yea
passage-suspension,115,hr,1858,Yea
passage-suspension,115,hr,2847,Yea
passage-suspension,115,hr,3551,Yea
passage-suspension,115,hr,2292,Yea
passage-suspension,115,hr,1500,Yea
passage,115,s,1094,Nay
passage-suspension,115,hr,304,Yea
passage,115,hjres,58,Nay
passage-suspension,115,hr,1117,Yea
passage,115,hr,1370,Nay
passage,115,hr,2883,Nay
passage-suspension,115,hr,132,Yea
passage-suspension,115,s,1393,Yea
passage,115,hjres,36,Nay
passage-suspension,115,hr,315,Yea
passage-suspension,115,s,782,Yea
passage,115,hres,174,Not Voting
passage-suspension,115,hr,2457,Yea
passage,115,hconres,71,Nay
passage,115,hr,2579,Nay
passage-suspension,115,hr,2464,Yea
passage-suspension,115,hr,220,Yea
passage-suspension,115,hr,863,Yea
passage-suspension,115,hres,569,Yea
passage-suspension,115,hr,1159,Yea
passage-suspension,115,hr,689,Not Voting
passage,115,hr,1181,Nay
passage,115,hjres,44,Nay
passage,115,hjres,57,Nay
passage-suspension,115,hr,648,Yea
passage,115,hr,4667,Nay
passage,115,hr,1304,Yea
passage,115,hres,5,Nay
passage-suspension,115,hr,2611,Yea
passage,115,hr,1695,Yea
passage,115,hr,3971,Nay
passage-suspension,115,hr,2706,Yea
passage-suspension,115,hr,2864,Yea
passage,115,hr,1343,Nay
passage-suspension,115,hr,4375,Yea
passage-suspension,115,hr,1679,Yea
passage-suspension,115,hr,3705,Yea
passage-suspension,115,hr,3364,Yea
passage-suspension,115,hres,355,Yea
passage,115,hres,609,Nay
passage-suspension,115,hr,2288,Yea
passage-suspension,115,hr,3979,Yea
passage-suspension,115,hres,502,Yea
passage-suspension,115,hr,1730,Yea
passage-suspension,115,hr,479,Yea
passage,115,hr,1638,Nay
passage,115,hr,1219,Yea
passage,115,hres,635,Nay
passage-suspension,115,hres,354,Yea
passage,115,hres,616,Nay
passage-suspension,115,hr,4173,Yea
passage-suspension,115,s,114,Nay
passage,115,hr,3180,Yea
passage-suspension,115,hr,1892,Yea
passage-suspension,115,hr,3110,Yea
passage-suspension,115,hr,2331,Yea
passage,115,hr,218,Nay
passage,115,hr,1039,Nay
passage-suspension,115,hr,1644,Yea
passage-suspension,115,hr,4323,Yea
passage-suspension,115,hres,259,Yea
passage,115,hr,3312,Not Voting
passage-suspension,115,hr,3317,Yea
passage,115,hr,477,Yea
passage,115,hres,289,Nay
passage-suspension,115,hr,1862,Yea
passage,115,s,114,Yea
passage-suspension,115,hr,3180,Nay
passage-suspension,115,hr,3821,Yea
passage-suspension,115,hr,1616,Yea
passage,115,hres,601,Nay
passage-suspension,115,hr,3218,Yea
passage,115,hr,849,Nay
passage,115,hres,481,Nay
passage,115,hr,1694,Yea
passage-suspension,115,s,1536,Yea
passage-suspension,115,s,1266,Yea
passage,115,hres,647,Nay
passage,115,sjres,34,Nay
passage,115,hr,1,Nay
passage,115,hres,221,Not Voting
passage-suspension,115,hr,2786,Yea
passage,115,hr,3354,Nay
passage-suspension,115,hr,1294,Yea
passage,115,hjres,42,Nay
passage,115,hr,3697,Nay
passage-suspension,115,hr,1238,Yea
passage-suspension,115,hr,2210,Yea
passage-suspension,115,hr,1719,Yea
passage-suspension,115,hr,1249,Yea
passage-suspension,115,hr,1547,Yea
passage,115,hr,1009,Nay
passage-suspension,115,hr,1362,Yea
passage,115,hr,2792,Nay
passage,115,hr,469,Not Voting
passage-suspension,115,hr,2547,Yea
passage-suspension,115,hr,3898,Yea
passage-suspension,115,hr,2258,Yea
passage-suspension,115,hr,1252,Yea
passage-suspension,115,hr,1297,Yea
passage-suspension,115,hr,3284,Yea
passage,115,hjres,66,Nay
passage-suspension,115,hr,1492,Yea
passage,115,hr,238,Nay
passage,115,hjres,69,Nay
passage-suspension,115,hr,2142,Yea
passage,115,hr,2842,Nay
passage,115,hr,3823,Nay
passage,115,hconres,71,Nay
passage-suspension,115,hr,965,Yea
passage,115,hr,79,Yea
passage-suspension,115,hres,129,Yea
passage-suspension,115,hr,1222,Yea
passage,115,hr,4,Yea
passage-suspension,115,hr,5447,Yea
passage-suspension,115,hr,2345,Yea
passage,115,hr,195,Nay
passage-suspension,115,hr,3186,Yea
passage,115,hr,3144,Nay
passage,115,hres,696,Nay
passage-suspension,115,hjres,2,Nay
passage-suspension,115,hr,4578,Yea
passage-suspension,115,hr,4989,Yea
passage-suspension,115,s,117,Yea
passage-suspension,115,hr,4203,Yea
passage,115,hres,708,Not Voting
passage-suspension,115,hr,5923,Yea
passage,115,hr,4296,Nay
passage,115,hr,6691,Nay
passage-suspension,115,s,534,Yea
passage-suspension,115,hr,4881,Yea
passage,115,hr,620,Nay
passage-suspension,115,s,3628,Yea
passage-suspension,115,hr,3542,Yea
passage-suspension,115,hr,2219,Yea
passage-suspension,115,hr,4318,Yea
passage,115,hr,1116,Nay
passage,115,hr,4293,Nay
passage-suspension,115,s,488,Yea
passage,115,hr,4790,Yea
passage-suspension,115,hr,3030,Yea
passage-suspension,115,hr,4909,Yea
passage,115,s,139,Nay
passage-suspension,115,hr,2615,Yea
passage-suspension,115,hr,7217,Yea
passage-suspension,115,hr,5273,Yea
passage,115,hr,2,Not Voting
passage-suspension,115,hres,792,Yea
passage-suspension,115,hr,5676,Yea
passage-suspension,115,hr,5787,Yea
passage-suspension,115,s,3661,Yea
passage-suspension,115,hres,676,Yea
passage,115,hr,695,Nay
passage-suspension,115,hr,7318,Yea
passage-suspension,115,s,3031,Yea
passage-suspension,115,s,1023,Yea
passage-suspension,115,hr,5682,Yea
passage-suspension,115,hr,3008,Yea
passage,115,hres,1142,Nay
passage,115,hr,4760,Not Voting
passage,115,hr,5797,Nay
passage-suspension,115,hr,6064,Yea
passage-suspension,115,s,3029,Yea
passage,115,hr,6757,Nay
passage,115,hr,6082,Yea
passage-suspension,115,s,1158,Yea
passage-suspension,115,s,2276,Yea
passage-suspension,115,hr,4581,Yea
passage-suspension,115,hres,1063,Yea
passage-suspension,115,hr,4564,Yea
passage-suspension,115,hr,2200,Yea
passage-suspension,115,hr,4830,Yea
passage-suspension,115,hr,7093,Yea
passage-suspension,115,hr,4227,Yea
passage-suspension,115,s,1934,Nay
passage-suspension,115,s,7,Yea
passage-suspension,115,hr,3832,Yea
passage-suspension,115,hr,5005,Yea
passage-suspension,115,s,512,Yea
passage-suspension,115,s,2765,Yea
passage,115,hr,5788,Nay
passage,115,hr,2,Yea
passage,115,hr,6157,Yea
passage-suspension,115,s,3247,Yea
passage-suspension,115,s,3777,Yea
passage-suspension,115,hr,5509,Yea
passage-suspension,115,s,2200,Yea
passage-suspension,115,hr,6287,Yea
passage-suspension,115,hr,4451,Yea
passage-suspension,115,s,2652,Yea
passage-suspension,115,hr,5075,Yea
passage,115,hr,3249,Yea
passage-suspension,115,hr,5890,Yea
passage-suspension,115,hres,1091,Yea
passage-suspension,115,hr,5783,Yea
passage-suspension,115,hr,5891,Yea
passage-suspension,115,hr,1660,Yea
passage-suspension,115,hr,4946,Yea
passage,115,hr,195,Nay
passage-suspension,115,hr,835,Yea
passage,115,hr,4545,Nay
passage-suspension,115,hr,5864,Yea
passage,115,hr,5444,Yea
passage,115,hr,772,Nay
passage-suspension,115,hr,4547,Yea
passage-suspension,115,s,167,Yea
passage-suspension,115,s,1182,Yea
passage-suspension,115,hconres,111,Yea
passage-suspension,115,hres,285,Yea
passage,115,hr,5645,Nay
passage-suspension,115,hr,4406,Yea
passage,115,hr,1892,Nay
passage,115,hr,200,Nay
passage,115,hr,6237,Nay
passage,115,hr,2954,Nay
passage-suspension,115,hr,4227,Yea
passage-suspension,115,hr,3851,Yea
passage,115,sjres,57,Nay
passage,115,hr,4607,Nay
passage-suspension,115,hr,5086,Yea
passage,115,hres,727,Nay
passage-suspension,115,hr,3183,Yea
passage-suspension,115,hr,4854,Yea
passage,115,hr,4771,Nay
passage,115,hr,184,Nay
passage-suspension,115,hr,146,Yea
passage-suspension,115,hr,4292,Yea
passage,115,hres,734,Nay
passage-suspension,115,hr,6439,Nay
passage-suspension,115,hr,2905,Yea
passage-suspension,115,hr,4465,Yea
passage-suspension,115,hr,4258,Yea
passage-suspension,115,hr,1037,Yea
passage,115,hr,4061,Nay
passage-suspension,115,hr,4279,Yea
passage-suspension,115,hr,4744,Yea
passage-suspension,115,hr,4979,Yea
passage-suspension,115,hr,1911,Yea
passage-suspension,115,hr,2422,Yea
passage,115,hr,695,Nay
passage-suspension,115,hr,4689,Yea
passage,115,hr,6147,Nay
passage-suspension,115,hr,4335,Yea
passage,115,hr,3299,Nay
passage,115,hres,970,Nay
passage-suspension,115,hres,990,Present
passage-suspension,115,hr,4567,Yea
passage-suspension,115,hr,4960,Yea
passage-suspension,115,hr,5247,Nay
passage-suspension,115,hr,1457,Yea
passage,115,hconres,119,Nay
passage,115,hres,1059,Nay
passage-suspension,115,hr,4910,Not Voting
passage,115,hr,3978,Nay
passage-suspension,115,hr,4533,Yea
passage,115,hr,5895,Yea
passage-suspension,115,hr,7328,Yea
passage-suspension,115,hr,7319,Yea
passage-suspension,115,s,3191,Yea
passage-suspension,115,s,3277,Nay
passage,115,hres,682,Nay
passage-suspension,115,s,3367,Yea
passage,115,hres,1181,Yea
passage,115,s,2155,Nay
passage,115,hr,6760,Nay
passage-suspension,115,hr,299,Yea
passage-suspension,115,hr,6207,Yea
passage,115,hres,954,Not Voting
passage-suspension,115,hr,7293,Yea
passage,115,hres,1180,Nay
passage,115,hr,88,Nay
passage-suspension,115,hr,4174,Yea
passage-suspension,115,s,756,Yea
passage-suspension,115,hconres,149,Yea
passage-suspension,115,hr,7329,Yea
passage,115,hres,1160,Nay
passage-suspension,115,hr,7187,Yea
passage,115,hres,953,Not Voting
passage,115,hr,6756,Nay
passage-suspension,115,hres,1099,Yea
passage,115,hr,3,Nay
passage,115,hr,6,Yea
passage-suspension,115,hr,6729,Nay
passage-suspension,115,hr,5841,Yea
passage-suspension,115,hr,6615,Yea
passage-suspension,115,hr,5041,Yea
passage-suspension,115,s,825,Yea
passage,115,hr,5735,Nay
passage-suspension,115,s,2278,Yea
passage,115,hres,1071,Present
passage-suspension,115,hr,6369,Yea
passage,115,hr,5895,Nay
passage-suspension,115,hr,7227,Yea
passage-suspension,115,s,2896,Yea
passage-suspension,115,hconres,148,Yea
passage-suspension,115,hr,6418,Yea
passage-suspension,115,hr,2991,Yea
passage-suspension,115,s,1580,Yea
passage-suspension,115,hr,7388,Nay
passage-suspension,115,s,2322,Nay
passage-suspension,115,hr,5687,Yea
passage-suspension,115,hr,6368,Yea
passage-suspension,115,s,2076,Yea
passage-suspension,115,hr,5327,Yea
passage-suspension,115,hr,4294,Yea
passage-suspension,115,hr,1222,Yea
passage,115,hr,2083,Nay
passage-suspension,115,hr,767,Yea
passage-suspension,115,s,3456,Yea
passage-suspension,115,s,1862,Yea
passage-suspension,115,s,3444,Yea
passage-suspension,115,hr,5655,Yea
passage,115,hr,2,Nay
passage-suspension,115,s,2961,Yea
passage-suspension,115,s,2679,Yea
passage,115,hr,5192,Yea
passage,115,hr,5445,Yea
passage,115,hr,6199,Nay
passage-suspension,115,s,35,Yea
passage,115,hr,5515,Nay
passage,115,hr,1153,Nay
passage,115,hres,694,Nay
passage-suspension,115,hr,5749,Yea
passage,115,hr,1625,Yea
passage-suspension,115,hr,4851,Yea
passage-suspension,115,hr,5089,Yea
passage,115,hr,2152,Nay
passage-suspension,115,hr,613,Yea
passage,115,hr,5698,Yea
passage,115,hr,1635,Yea
passage-suspension,115,hr,4467,Yea
passage,115,hr,4263,Nay
passage,115,hr,4712,Nay
passage-suspension,115,hr,5131,Yea
passage-suspension,115,hr,5793,Yea
passage,115,hr,4566,Yea
passage,115,hr,6157,Yea
passage,116,hres,445,Yea
passage,116,hres,509,Yea
passage,116,hres,131,Yea
passage-suspension,116,hr,1759,Not Voting
passage-suspension,116,hr,676,Yea
passage,116,hres,564,Yea
passage-suspension,116,hr,539,Yea
passage-suspension,116,s,24,Yea
passage-suspension,116,hr,1590,Not Voting
passage,116,hres,28,Yea
passage,116,hr,2181,Yea
passage,116,hres,172,Yea
passage,116,hr,1815,Yea
passage,116,hres,656,Yea
passage,116,hr,3525,Yea
passage,116,hr,264,Yea
passage,116,hres,252,Yea
passage-suspension,116,hjres,30,Yea
passage-suspension,116,hr,276,Yea
passage,116,hres,519,Yea
passage-suspension,116,hr,328,Yea
passage,116,hr,2740,Yea
passage,116,hjres,31,Yea
passage,116,hr,4378,Yea
passage,116,hres,357,Yea
passage-suspension,116,hr,3722,Yea
passage-suspension,116,hr,226,Yea
passage-suspension,116,hres,183,Yea
passage,116,hr,266,Yea
passage,116,sjres,54,Yea
passage-suspension,116,hr,1593,Not Voting
passage,116,hres,296,Yea
passage,116,hr,21,Not Voting
passage-suspension,116,hr,3253,Yea
passage-suspension,116,hr,221,Yea
passage,116,hres,431,Yea
passage,116,hres,462,Yea
passage-suspension,116,hr,3702,Yea
passage-suspension,116,hr,1921,Yea
passage-suspension,116,hr,499,Yea
passage-suspension,116,hr,2609,Yea
passage,116,hres,466,Yea
passage-suspension,116,hr,3734,Yea
passage,116,sjres,36,Yea
passage-suspension,116,hr,2744,Not Voting
passage-suspension,116,s,151,Yea
passage,116,sjres,38,Yea
passage-suspension,116,hr,4183,Yea
passage,116,hr,2534,Yea
passage,116,hr,3,Yea
passage-suspension,116,hr,3537,Yea
passage,116,hres,430,Yea
passage,116,hres,497,Yea
passage,116,hres,765,Yea
passage,116,hres,739,Yea
passage-suspension,116,hr,1327,Yea
passage,116,sjres,37,Yea
passage,116,hr,312,Yea
passage-suspension,116,hres,393,Yea
passage,116,hr,1158,Yea
passage,116,hres,415,Yea
passage,116,hres,326,Yea
passage-suspension,116,hr,1892,Yea
passage-suspension,116,hr,4761,Yea
passage,116,hr,1994,Not Voting
passage-suspension,116,hr,748,Yea
passage-suspension,116,hr,2409,Yea
passage-suspension,116,hr,5084,Yea
passage,116,hr,3494,Yea
passage-suspension,116,hr,375,Yea
passage,116,hres,772,Yea
passage,116,hres,377,Yea
passage-suspension,116,s,2710,Yea
passage,116,hres,460,Yea
passage,116,hr,3055,Yea
passage-suspension,116,hr,3050,Yea
passage,116,hres,208,Yea
passage-suspension,116,hr,135,Yea
passage-suspension,116,hr,1654,Yea
passage-suspension,116,hr,2426,Yea
passage-suspension,116,hr,2440,Yea
passage,116,hres,105,Yea
passage,116,hres,271,Yea
passage-suspension,116,hr,428,Yea
passage,116,hjres,31,Yea
passage,116,hres,274,Yea
passage,116,hr,1941,Yea
passage-suspension,116,hr,769,Yea
passage-suspension,116,hr,66,Yea
passage,116,hres,144,Yea
passage-suspension,116,hr,1876,Yea
passage,116,hjres,46,Yea
passage,116,hr,2513,Yea
passage,116,hres,576,Yea
passage-suspension,116,hr,4407,Yea
passage-suspension,116,hr,777,Yea
passage,116,hr,2203,Yea
passage-suspension,116,hr,596,Yea
passage-suspension,116,hres,41,Yea
passage,116,hres,43,Yea
passage,116,hconres,24,Yea
passage-suspension,116,hr,3190,Yea
passage-suspension,116,hres,273,Yea
passage,116,hres,87,Yea
passage-suspension,116,hres,328,Yea
passage-suspension,116,s,47,Yea
passage-suspension,116,hr,1420,Yea
passage-suspension,116,hr,831,Yea
passage-suspension,116,hr,449,Yea
passage,116,hr,1112,Yea
passage,116,hr,3624,Yea
passage-suspension,116,hr,269,Yea
passage-suspension,116,hr,251,Yea
passage-suspension,116,hjres,77,Yea
passage-suspension,116,hr,1381,Yea
passage-suspension,116,hr,4406,Yea
passage-suspension,116,hr,2385,Yea
passage,116,hres,124,Yea
passage,116,hr,265,Yea
passage,116,hres,294,Not Voting
passage-suspension,116,hr,507,Yea
passage-suspension,116,hr,1065,Yea
passage-suspension,116,hr,3375,Yea
passage,116,hr,648,Yea
passage,116,hres,52,Yea
passage,116,hres,558,Yea
passage-suspension,116,hconres,19,Not Voting
passage,116,hr,5430,Yea
passage,116,hres,61,Yea
passage-suspension,116,hr,91,Yea
passage,116,hres,591,Yea
passage,116,hr,7,Yea
passage-suspension,116,hr,95,Yea
passage,116,hr,267,Yea
passage-suspension,116,s,49,Yea
passage,116,hres,629,Yea
passage-suspension,116,hr,4695,Yea
passage,116,hjres,28,Yea
passage,116,hres,122,Yea
passage-suspension,116,hr,4285,Yea
passage-suspension,116,hr,829,Yea
passage-suspension,116,hr,150,Yea
passage,116,hjres,37,Yea
passage,116,hr,1644,Yea
passage-suspension,116,hr,1079,Yea
passage-suspension,116,hr,1331,Not Voting
passage-suspension,116,hr,450,Yea
passage,116,hres,5,Yea
passage-suspension,116,s,178,Yea
passage-suspension,116,hres,432,Not Voting
passage-suspension,116,hr,2548,Yea
passage-suspension,116,hr,1952,Yea
passage,116,hres,492,Yea
passage-suspension,116,hres,546,Yea
passage,116,s,1790,Yea
passage-suspension,116,hr,3530,Yea
passage,116,hr,3401,Yea
passage-suspension,116,hr,4634,Yea
passage-suspension,116,hr,542,Yea
passage-suspension,116,hr,4162,Yea
passage-suspension,116,hr,722,Yea
passage,116,hres,491,Yea
passage-suspension,116,hres,106,Yea
passage,116,hr,1865,Yea
passage,116,hres,389,Yea
passage-suspension,116,hr,2037,Not Voting
passage-suspension,116,hr,3224,Yea
passage,116,hr,3351,Yea
passage,116,hres,695,Yea
passage,116,hres,708,Yea
passage-suspension,116,hr,2590,Yea
passage-suspension,116,hr,4344,Yea
passage-suspension,116,hr,2539,Yea
passage,116,hr,3055,Yea
passage-suspension,116,hr,1044,Yea
passage-suspension,116,hr,737,Yea
passage,116,hres,713,Yea
passage,116,hr,729,Yea
passage-suspension,116,hr,299,Yea
passage,116,hres,748,Yea
passage-suspension,116,hr,2379,Yea
passage-suspension,116,hr,3304,Yea
passage-suspension,116,hr,4739,Yea
passage-suspension,116,hr,2157,Yea
passage,116,hres,758,Yea
passage-suspension,116,hres,246,Yea
passage,116,hres,741,Yea
passage-suspension,116,s,1838,Yea
passage-suspension,116,hr,2515,Yea
passage,116,hres,660,Yea
passage-suspension,116,hr,2940,Yea
passage-suspension,116,hr,549,Yea
passage,116,hr,2157,Yea
passage-suspension,116,hr,5363,Yea
passage-suspension,116,hr,2852,Yea
passage,116,hr,8,Yea
passage-suspension,116,hr,624,Yea
passage-suspension,116,hr,540,Yea
passage,116,hr,205,Yea
passage,116,hres,281,Yea
passage,116,hres,329,Yea
passage-suspension,116,hr,1503,Yea
passage-suspension,116,hr,693,Yea
passage-suspension,116,hr,116,Yea
passage-suspension,116,hr,1595,Yea
passage-suspension,116,hr,758,Yea
veto-override,116,hjres,46,Yea
passage,116,hres,577,Yea
passage,116,hr,1,Yea
passage,116,hres,655,Yea
passage-suspension,116,hr,2115,Yea
passage,116,hres,646,Yea
passage,116,hr,268,Yea
passage-suspension,116,hr,297,Yea
passage,116,hr,3877,Yea
passage,116,hres,145,Yea
passage-suspension,116,hres,79,Yea
passage-suspension,116,hr,1704,Yea
passage-suspension,116,hr,1768,Yea
passage,116,hres,548,Yea
passage-suspension,116,hr,502,Yea
passage-suspension,116,hr,1388,Yea
passage,116,hres,650,Yea
passage-suspension,116,hr,190,Yea
passage-suspension,116,hr,1616,Yea
passage-suspension,116,hr,1122,Yea
passage-suspension,116,hres,156,Yea
passage-suspension,116,hjres,27,Yea
passage,116,hres,866,Yea
passage-suspension,116,hres,387,Yea
passage-suspension,116,hr,6074,Yea
passage-suspension,116,hr,4852,Yea
passage-suspension,116,hr,6210,Yea
passage,116,hr,2486,Yea
passage,116,hr,2486,Yea
passage-suspension,116,hr,8337,Yea
passage,116,hr,2,Yea
passage,116,hres,790,Yea
passage,116,hres,965,Yea
passage,116,hr,6800,Yea
passage,116,hres,811,Yea
passage,116,hres,1028,Yea
passage,116,hr,6395,Yea
passage,116,hr,1957,Yea
passage-suspension,116,hr,2490,Yea
passage-suspension,116,hr,5664,Yea
passage-suspension,116,hr,5932,Yea
passage-suspension,116,hr,7909,Yea
passage,116,hres,798,Yea
passage-suspension,116,hr,4331,Yea
passage,116,hres,967,Yea
passage-suspension,116,s,979,Yea
passage-suspension,116,hr,5758,Yea
passage-suspension,116,hjres,110,Yea
passage,116,hres,1224,Yea
passage,116,hres,1271,Yea
passage-suspension,116,hr,8900,Yea
passage-suspension,116,hjres,107,Yea
passage,116,hres,1161,Yea
passage,116,hr,925,Yea
passage-suspension,116,hr,2881,Yea
passage,116,hres,779,Yea
passage,116,hr,6395,Yea
passage,116,hres,1129,Yea
passage-suspension,116,hres,512,Yea
passage,116,hres,1244,Yea
veto-override,116,hr,6395,Yea
passage-suspension,116,s,461,Yea
passage-suspension,116,hres,1155,Yea
passage-suspension,116,hr,451,Yea
passage,116,hr,4447,Yea
passage-suspension,116,hr,8354,Yea
passage-suspension,116,hr,9051,Yea
passage,116,hr,1425,Yea
passage,116,hr,550,Yea
passage,116,hr,550,Yea
passage,116,hres,981,Yea
passage,116,hr,2546,Yea
passage-suspension,116,hr,3413,Yea
passage,116,hres,826,Yea
passage,116,hres,844,Yea
passage-suspension,116,hr,4894,Yea
passage-suspension,116,hres,756,Yea
passage-suspension,116,s,2193,Yea
passage-suspension,116,hr,6782,Yea
passage-suspension,116,hr,7010,Yea
passage,116,hr,51,Yea
passage-suspension,116,s,3201,Nay
passage-suspension,116,hr,4044,Yea
passage,116,hr,7027,Yea
passage-suspension,116,hr,1980,Yea
passage-suspension,116,hr,1771,Yea
passage,116,hr,8015,Yea
passage,116,hres,1053,Yea
passage,116,hr,7617,Yea
passage,116,hres,938,Yea
passage,116,hr,535,Yea
passage-suspension,116,hr,4335,Yea
passage-suspension,116,hr,266,Yea
passage,116,hjres,76,Yea
passage-suspension,116,s,1678,Yea
passage-suspension,116,hr,35,Yea
passage,116,hr,2694,Yea
passage-suspension,116,hr,2819,Yea
passage,116,hr,2574,Yea
passage-suspension,116,hr,4508,Yea
passage,116,hr,7608,Yea
passage,116,hres,833,Yea
passage,116,hr,2339,Yea
passage-suspension,116,hr,4704,Yea
passage-suspension,116,hr,943,Yea
passage-suspension,116,hr,2398,Yea
passage-suspension,116,hr,6201,Yea
passage-suspension,116,hr,7573,Yea
passage-suspension,116,hr,5003,Yea
passage,116,hres,1067,Yea
passage-suspension,116,s,2163,Yea
passage,116,hres,908,Yea
passage,116,hres,1060,Yea
passage,116,hjres,79,Yea
passage,116,hres,877,Yea
passage-suspension,116,s,3147,Yea
passage,116,hres,781,Yea
passage,116,hres,1154,Yea
passage,116,hr,8294,Yea
passage-suspension,116,hr,5078,Yea
passage-suspension,116,hr,4764,Yea
passage,116,hres,1164,Yea
passage-suspension,116,s,906,Yea
passage-suspension,116,hr,3250,Yea
passage-suspension,116,hr,7995,Yea
passage,116,hres,1153,Yea
passage,116,hr,6270,Yea
passage-suspension,116,s,327,Yea
passage-suspension,116,hr,4611,Yea
passage,116,hconres,83,Yea
passage-suspension,116,s,2216,Yea
passage-suspension,116,hr,5040,Yea
passage,116,hr,133,Nay
passage-suspension,116,hr,1380,Yea
passage,116,hr,3884,Yea
passage,116,hr,133,Yea
passage-suspension,116,s,2981,Yea
passage,116,hr,2639,Yea
passage-suspension,116,hr,2932,Yea
passage-suspension,116,s,760,Yea
passage,116,hres,1092,Yea
passage,116,hr,1140,Yea
veto-override,116,hjres,76,Yea
passage-suspension,116,hr,2382,Yea
passage,116,hjres,90,Yea
passage-suspension,116,hres,410,Yea
passage,116,hres,1107,Yea
passage,116,hr,7327,Yea
passage,116,hres,891,Yea
passage,116,hr,5687,Yea
passage,116,hr,6172,Nay
passage,116,hres,1017,Yea
passage,116,hr,7301,Yea
passage-suspension,116,s,3744,Yea
passage-suspension,116,hr,4031,Yea
passage,116,hr,5332,Yea
passage,116,hr,7120,Yea
passage,116,hr,3621,Yea
passage-suspension,117,hr,3197,Yea
passage-suspension,117,hr,203,Yea
passage,117,hr,963,Yea
passage-suspension,117,hr,700,Yea
passage,117,hres,1508,Yea
passage-suspension,117,hr,2954,Yea
passage-suspension,117,hr,6899,Yea
passage,117,hr,7900,Yea
passage-suspension,117,hr,5001,Yea
passage-suspension,117,hr,6871,Yea
passage,117,hr,9640,Yea
passage-suspension,117,hr,1437,Yea
passage,117,hres,1232,Yea
passage,117,hr,1948,Yea
passage-suspension,117,hr,3539,Yea
passage-suspension,117,hr,8454,Yea
passage,117,hres,1256,Yea
passage,117,hr,3485,Yea
passage-suspension,117,s,3168,Yea
passage-suspension,117,hr,7077,Not Voting
passage-suspension,117,s,3527,Yea
passage-suspension,117,hr,3359,Yea
passage-suspension,117,s,3499,Yea
passage-suspension,117,s,812,Yea
passage,117,hres,900,Yea
passage,117,hr,3617,Yea
passage-suspension,117,s,2959,Yea
passage-suspension,117,hr,1916,Yea
passage,117,hres,1224,Yea
passage-suspension,117,hr,6089,Yea
passage-suspension,117,hr,923,Yea
passage-suspension,117,hr,1917,Yea
passage-suspension,117,s,66,Yea
passage,117,hr,8296,Yea
passage-suspension,117,hr,4738,Yea
passage-suspension,117,s,2796,Yea
passage-suspension,117,s,1760,Yea
passage-suspension,117,hr,7734,Yea
passage-suspension,117,hr,2842,Yea
passage-suspension,117,s,1872,Yea
passage,117,hres,1529,Yea
passage-suspension,117,hr,5659,Yea
passage-suspension,117,hr,6868,Yea
passage-suspension,117,s,3875,Yea
passage-suspension,117,hr,1934,Yea
passage-suspension,117,s,2629,Yea
passage-suspension,117,hr,6531,Yea
passage-suspension,117,s,3308,Yea
passage-suspension,117,hr,224,Yea
passage-suspension,117,hr,7337,Yea
passage,117,hr,8876,Yea
passage,117,hres,979,Yea
passage-suspension,117,hr,5271,Yea
passage-suspension,117,hr,6930,Yea
passage-suspension,117,hr,5657,Yea
passage-suspension,117,hr,4693,Yea
passage-suspension,117,hr,7174,Yea
passage-suspension,117,s,452,Yea
passage-suspension,117,hr,7352,Yea
passage,117,hr,1808,Yea
passage-suspension,117,s,3451,Nay
passage-suspension,117,hr,5774,Yea
passage,117,hr,7606,Yea
passage-suspension,117,s,4785,Yea
passage-suspension,117,hr,5879,Yea
passage-suspension,117,,,Yea
passage,117,hres,1316,Yea
passage-suspension,117,s,4003,Yea
passage-suspension,117,hr,8463,Yea
passage-suspension,117,hr,2724,Yea
passage-suspension,117,hr,6943,Yea
passage,117,hres,1404,Yea
passage-suspension,117,,,Yea
passage-suspension,117,hr,5455,Yea
passage-suspension,117,,,Yea
passage-suspension,117,hr,7335,Yea
passage,117,s,2938,Yea
passage-suspension,117,s,2490,Yea
passage-suspension,117,hr,884,Yea
passage,117,hr,5376,Yea
passage-suspension,117,hr,7622,Yea
passage-suspension,117,hr,7283,Yea
passage-suspension,117,s,2293,Yea
passage-suspension,117,hr,7334,Yea
passage-suspension,117,hr,7777,Yea
passage-suspension,117,hres,1125,Yea
passage,117,hres,1499,Yea
passage,117,hres,1361,Yea
passage-suspension,117,hr,5738,Yea
passage,117,s,4524,Yea
passage-suspension,117,hr,2992,Yea
passage-suspension,117,,,Yea
passage,117,hres,860,Yea
passage-suspension,117,s,4089,Yea
passage-suspension,117,s,3846,Yea
passage-suspension,117,hr,7153,Yea
passage,117,hr,6448,Yea
passage,117,hres,1396,Yea
passage-suspension,117,s,2514,Yea
passage-suspension,117,hr,8888,Yea
passage-suspension,117,hr,4785,Yea
passage,117,hres,1153,Yea
passage,117,hr,3843,Yea
passage,117,hres,1124,Yea
passage-suspension,117,hr,7321,Yea
passage,117,hr,6878,Yea
passage-suspension,117,hr,5407,Yea
passage,117,hr,4176,Yea
passage-suspension,117,hr,7667,Yea
passage,117,hres,1204,Yea
passage-suspension,117,hr,7776,Yea
passage,117,hr,3372,Yea
passage-suspension,117,hr,6965,Yea
passage,117,hr,7780,Yea
passage-suspension,117,s,4900,Yea
passage-suspension,117,,,Yea
passage-suspension,117,hr,3482,Yea
passage-suspension,117,hr,7500,Yea
passage-suspension,117,s,3662,Yea
passage-suspension,117,hr,6376,Yea
passage,117,hres,1377,Yea
passage,117,s,2938,Yea
passage-suspension,117,hr,7694,Yea
passage,117,hr,4346,Yea
passage,117,hres,1289,Yea
passage,117,hr,2377,Yea
passage,117,hr,8326,Yea
passage-suspension,117,s,2089,Yea
passage,117,hr,302,Yea
passage-suspension,117,hr,7108,Yea
passage,117,s,1942,Yea
passage-suspension,117,s,583,Yea
passage,117,hr,4445,Yea
passage,117,hres,1531,Yea
passage,117,hr,3807,Yea
passage-suspension,117,hres,831,Yea
passage-suspension,117,hr,4476,Yea
passage,117,hr,2617,Yea
passage-suspension,117,,,Yea
passage-suspension,117,,,Yea
passage-suspension,117,hres,956,Yea
passage,117,hres,1254,Yea
passage,117,s,3522,Yea
passage,117,hr,8404,Yea
passage,117,s,4003,Yea
passage-suspension,117,hr,5616,Yea
passage-suspension,117,hr,6824,Yea
passage,117,hr,8404,Yea
passage-suspension,117,hr,3508,Yea
passage-suspension,117,hr,5343,Yea
passage-suspension,117,hr,7289,Yea
passage-suspension,117,hr,5547,Yea
passage-suspension,117,hr,6825,Yea
passage-suspension,117,hr,5681,Yea
passage-suspension,117,hr,5689,Yea
passage-suspension,117,hr,5641,Yea
passage-suspension,117,hr,7939,Yea
passage-suspension,117,hr,6968,Yea
passage-suspension,117,s,3773,Yea
passage-suspension,117,hr,6552,Yea
passage-suspension,117,hr,5658,Yea
passage-suspension,117,hconres,70,Yea
passage-suspension,117,s,2938,Yea
passage,117,hr,2499,Yea
passage-suspension,117,s,658,Yea
passage,117,hres,1510,Yea
passage-suspension,117,hr,209,Yea
passage-suspension,117,hr,5673,Yea
passage,117,hr,5129,Yea
passage,117,hr,2471,Yea
passage,117,hres,1065,Yea
passage,117,s,3905,Yea
passage,117,hres,950,Yea
passage,117,hr,3967,Yea
passage,117,hr,1437,Yea
passage-suspension,117,s,144,Yea
passage,117,s,3373,Yea
passage,117,hr,4673,Yea
passage-suspension,117,hres,1168,Yea
passage-suspension,117,hres,833,Yea
passage-suspension,117,hr,4133,Yea
passage,117,hr,6538,Yea
passage-suspension,117,s,4052,Yea
passage-suspension,117,hres,720,Yea
passage-suspension,117,hr,6865,Yea
passage-suspension,117,hr,6891,Yea
passage-suspension,117,hr,3113,Yea
passage-suspension,117,hr,6873,Yea
passage-suspension,117,hr,4380,Yea
passage,117,hr,2116,Yea
passage-suspension,117,hr,5900,Yea
passage-suspension,117,hconres,45,Yea
passage-suspension,117,hr,7066,Yea
passage-suspension,117,hr,2324,Yea
passage,117,hr,6929,Yea
passage-suspension,117,s,4926,Yea
passage-suspension,117,hr,847,Yea
passage,117,hr,8297,Yea
passage-suspension,117,hr,5914,Yea
passage-suspension,117,s,5168,Yea
passage-suspension,117,hr,7180,Yea
passage-suspension,117,hr,55,Yea
passage-suspension,117,hr,7108,Yea
passage-suspension,117,hr,5274,Yea
passage-suspension,117,hr,7311,Yea
passage-suspension,117,hr,3344,Yea
passage-suspension,117,hr,521,Yea
passage-suspension,117,hr,5577,Yea
passage,117,hr,6833,Yea
passage-suspension,117,s,321,Yea
passage-suspension,117,hr,3588,Yea
passage-suspension,117,hr,5911,Yea
passage-suspension,117,hres,1130,Yea
passage-suspension,117,s,2333,Yea
passage-suspension,117,s,2834,Yea
passage-suspension,117,hr,8351,Yea
passage-suspension,117,hr,5324,Yea
passage-suspension,117,hr,735,Yea
passage-suspension,117,hres,892,Yea
passage-suspension,117,hr,1621,Yea
passage-suspension,117,hr,6386,Yea
passage,117,hr,7946,Yea
passage-suspension,117,hr,6434,Yea
passage,117,hr,7309,Yea
passage-suspension,117,hr,935,Yea
passage-suspension,117,hr,2116,Yea
passage,117,hr,6968,Yea
passage-suspension,117,s,2520,Yea
passage-suspension,117,,,Yea
passage-suspension,117,s,3294,Yea
passage-suspension,117,hr,7081,Yea
passage-suspension,117,hconres,59,Yea
passage,117,hr,8873,Yea
passage,117,hr,7790,Yea
passage,117,hr,1836,Yea
passage,117,hr,6833,Yea
passage-suspension,117,s,3369,Yea
passage-suspension,117,hr,7791,Yea
passage-suspension,117,hr,3630,Not Voting
passage-suspension,117,hr,8446,Yea
passage-suspension,117,s,2533,Yea
passage,117,hres,868,Yea
passage-suspension,117,hr,5441,Yea
passage,117,hr,6531,Yea
passage-suspension,117,hr,1456,Yea
passage-suspension,117,hr,6961,Yea
passage,117,hr,5118,Yea
passage-suspension,117,hr,6538,Yea
passage,117,hr,7910,Yea
passage,117,hres,1339,Yea
passage-suspension,117,hr,5315,Yea
passage,117,hres,1191,Yea
passage-suspension,117,s,2102,Yea
passage-suspension,117,hr,6064,Yea
passage,117,hres,1464,Yea
passage,117,hr,5746,Yea
passage,117,hres,1372,Yea
passage-suspension,117,s,2794,Yea
passage-suspension,117,hr,6052,Yea
passage-suspension,117,hr,2250,Yea
passage,117,s,1098,Yea
passage-suspension,117,s,4359,Yea
passage,117,hr,350,Yea
passage,117,hr,8987,Yea
passage,117,hr,2543,Yea
passage-suspension,117,hr,1066,Yea
passage,117,hr,7666,Yea
passage,117,hr,263,Yea
passage,117,hr,5585,Yea
passage,117,hres,1302,Yea
passage-suspension,117,s,4160,Yea
passage,117,hr,2988,Yea
passage-suspension,117,s,442,Yea
passage-suspension,117,hr,6493,Yea
passage-suspension,117,s,3157,Yea
passage-suspension,117,hr,7664,Yea
passage,117,hres,1300,Yea
passage-suspension,117,s,516,Yea
passage-suspension,117,,,Yea
passage-suspension,117,hr,6270,Yea
passage-suspension,117,hr,6604,Yea
passage-suspension,117,s,2687,Yea
passage,117,hr,8542,Yea
passage-suspension,117,s,3115,Yea
passage-suspension,117,s,2551,Yea
passage,117,hr,7688,Yea
passage,117,hjres,100,Yea
passage-suspension,117,hr,2521,Yea
passage-suspension,117,s,3470,Yea
passage-suspension,117,hr,7211,Yea
passage-suspension,117,s,3580,Yea
passage-suspension,117,s,3895,Yea
passage-suspension,117,hr,7670,Yea
passage-suspension,117,hr,2020,Yea
passage,117,hr,2773,Yea
passage,117,hres,1170,Yea
passage-suspension,117,s,3823,Yea
passage-suspension,117,hr,8466,Yea
passage-suspension,117,,,Yea
passage,117,hconres,119,Yea
passage-suspension,117,s,958,Yea
passage-suspension,117,hr,6087,Yea
passage-suspension,117,hr,7375,Yea
passage,117,hr,4118,Yea
passage-suspension,117,s,231,Yea
passage,117,hr,5768,Yea
passage-suspension,117,hr,5754,Yea
passage-suspension,117,hr,7535,Yea
passage,117,hres,1017,Yea
passage-suspension,117,s,5230,Yea
passage,117,hres,1518,Yea
passage,117,hr,7691,Yea
passage-suspension,117,hr,7025,Yea
passage,117,hr,8294,Yea
passage-suspension,117,hr,91,Yea
passage-suspension,117,s,2126,Yea
passage-suspension,117,s,1617,Yea
passage,117,hres,1119,Yea
passage,117,hres,973,Yea
passage-suspension,117,s,4834,Yea
passage-suspension,117,hr,92,Yea
passage-suspension,117,hr,5706,Yea
passage-suspension,117,s,989,Yea
passage,117,hres,1033,Yea
passage-suspension,117,hr,7314,Yea
passage-suspension,117,s,5087,Yea
passage-suspension,117,s,566,Yea
passage,117,hres,1037,Yea
passage-suspension,117,hr,2501,Yea
passage,117,hr,6617,Yea
passage-suspension,117,hr,496,Yea
passage-suspension,117,hr,7693,Yea
passage-suspension,117,hr,207,Yea
passage-suspension,117,s,400,Yea
passage,117,hr,2471,Yea
passage,117,hr,8393,Yea
passage,117,hr,903,Yea
passage-suspension,117,s,1226,Yea
passage-suspension,117,hres,1512,Yea
passage-suspension,117,hr,4404,Yea
passage,117,hres,1097,Yea
passage-suspension,117,s,1466,Yea
passage,117,hres,1519,Yea
passage,117,hr,8373,Yea
passage,117,hres,1023,Yea
passage-suspension,117,hr,7372,Yea
passage,117,hr,3076,Yea
passage-suspension,117,hr,1218,Yea
passage,117,hres,912,Yea
passage-suspension,117,s,497,Yea
passage-suspension,117,s,4104,Yea
passage-suspension,117,s,1402,Yea
passage-suspension,117,hr,7276,Yea
passage,117,hr,4521,Yea
passage,117,hr,8,Yea
passage-suspension,117,,,Yea
passage-suspension,117,hr,485,Yea
passage,117,hr,1620,Yea
passage-suspension,117,hr,1443,Yea
passage-suspension,117,hr,3462,Yea
passage,117,hr,1319,Yea
passage,117,hr,3005,Yea
passage,117,hr,3233,Yea
passage-suspension,117,hr,4660,Yea
passage-suspension,117,hr,5720,Yea
passage-suspension,117,hr,1917,Yea
passage-suspension,117,hr,3193,Yea
passage-suspension,117,hr,1651,Yea
passage-suspension,117,hr,4111,Yea
passage-suspension,117,s,578,Yea
passage-suspension,117,hr,941,Yea
passage-suspension,117,hr,2617,Yea
passage,117,hres,380,Yea
passage,117,hconres,11,Yea
passage-suspension,117,hr,1154,Yea
passage,117,hres,409,Yea
passage-suspension,117,hr,1339,Yea
passage-suspension,117,hr,1652,Yea
passage-suspension,117,hr,4352,Yea
passage,117,hr,803,Yea
passage,117,hr,3992,Yea
passage,117,hres,503,Yea
passage-suspension,117,hr,4481,Yea
passage-suspension,117,hr,1085,Yea
passage,117,hres,479,Yea
passage-suspension,117,hr,1799,Yea
passage,117,hres,504,Yea
passage,117,hr,3684,Yea
passage-suspension,117,s,848,Yea
passage-suspension,117,hr,1392,Yea
passage,117,hres,85,Yea
passage,117,hr,335,Yea
passage,117,hr,7,Yea
passage,117,hres,101,Yea
passage-suspension,117,,,Yea
passage-suspension,117,s,164,Yea
passage-suspension,117,hr,2989,Yea
passage,117,hres,41,Yea
passage-suspension,117,hr,4489,Yea
passage-suspension,117,hr,5561,Yea
passage-suspension,117,hr,3531,Yea
passage-suspension,117,hr,5119,Yea
passage-suspension,117,hr,897,Yea
passage-suspension,117,hr,1667,Yea
passage-suspension,117,s,957,Yea
passage,117,hres,555,Yea
passage-suspension,117,,,Yea
passage,117,hres,849,Yea
passage-suspension,117,hr,2074,Yea
passage-suspension,117,hr,5551,Yea
passage-suspension,117,hr,4555,Yea
passage-suspension,117,hr,5487,Yea
passage-suspension,117,hr,4706,Yea
passage,117,hr,4502,Yea
passage-suspension,117,hr,5608,Yea
passage,117,hres,848,Yea
passage,117,hr,2668,Yea
passage,117,hres,1,Yea
passage-suspension,117,s,1910,Yea
passage,117,hres,508,Yea
passage-suspension,117,hr,826,Yea
passage-suspension,117,hr,5705,Yea
passage-suspension,117,s,1828,Yea
passage-suspension,117,s,189,Yea
passage-suspension,117,hr,5961,Yea
passage-suspension,117,hr,4300,Yea
passage-suspension,117,hr,4981,Yea
passage-suspension,117,hr,2497,Yea
passage,117,s,1605,Yea
passage,117,hr,3684,Yea
passage,117,hr,4346,Yea
passage-suspension,117,hr,4250,Yea
passage,117,s,610,Yea
passage,117,hres,838,Yea
passage-suspension,117,s,325,Yea
passage-suspension,117,hr,5982,Yea
passage-suspension,117,hr,1693,Yea
passage-suspension,117,hr,5695,Yea
passage,117,hres,667,Yea
passage,117,hres,330,Yea
passage-suspension,117,hr,1029,Yea
passage,117,hres,730,Yea
passage,117,hr,5305,Yea
passage-suspension,117,hr,1487,Yea
passage-suspension,117,hr,4369,Yea
passage-suspension,117,hr,1002,Yea
passage-suspension,117,hr,2379,Yea
passage-suspension,117,s,796,Yea
passage-suspension,117,hr,3730,Yea
passage,117,hres,179,Yea
passage-suspension,117,hr,4026,Yea
passage,117,hr,2547,Yea
passage-suspension,117,s,1095,Yea
passage-suspension,117,,,Yea
passage,117,sjres,13,Yea
passage-suspension,117,,,Yea
passage,117,hr,1603,Yea
passage-suspension,117,s,108,Yea
passage-suspension,117,hr,2685,Yea
passage-suspension,117,hr,1975,Yea
passage,117,s,475,Yea
passage,117,hr,239,Yea
passage,117,hr,1280,Yea
passage-suspension,117,hr,654,Yea
passage-suspension,117,hr,1899,Yea
passage-suspension,117,hr,1502,Yea
passage-suspension,117,hr,4028,Yea
passage-suspension,117,hr,4611,Yea
passage,117,s,1301,Yea
passage-suspension,117,hr,208,Yea
passage,117,hres,147,Yea
passage-suspension,117,hr,4089,Yea
passage-suspension,117,,,Yea
passage,117,hres,727,Yea
passage-suspension,117,hr,550,Yea
passage,117,sjres,14,Yea
passage-suspension,117,hr,5221,Yea
passage,117,hres,275,Yea
passage-suspension,117,hr,3616,Yea
passage,117,hres,486,Yea
passage,117,hr,1443,Yea
passage,117,hres,198,Yea
passage,117,hres,774,Yea
passage-suspension,117,hr,5574,Yea
passage,117,hres,403,Yea
passage-suspension,117,hr,4233,Yea
passage,117,hres,303,Yea
passage,117,hr,3110,Yea
passage,117,hres,38,Yea
passage,117,hres,21,Yea
passage,117,hr,2119,Yea
passage-suspension,117,hr,1215,Yea
passage-suspension,117,hr,1228,Yea
passage,117,hr,51,Yea
passage-suspension,117,s,1511,Yea
passage-suspension,117,hr,3599,Yea
passage,117,hres,72,Yea
passage-suspension,117,hr,4515,Yea
passage-suspension,117,hr,3325,Yea
passage,117,hr,2662,Yea
passage-suspension,117,hr,567,Yea
passage,117,hjres,17,Yea
passage-suspension,117,s,1064,Yea
passage,117,hr,1319,Yea
passage-suspension,117,,,Yea
passage,117,hres,829,Yea
passage,117,hr,1629,Yea
passage-suspension,117,hr,3709,Yea
passage-suspension,117,hr,4679,Yea
passage-suspension,117,hr,4055,Yea
passage,117,hres,166,Yea
passage-suspension,117,hr,5763,Yea
passage,117,hres,688,Yea
passage-suspension,117,hr,1629,Yea
passage-suspension,117,hr,4686,Yea
passage,117,hres,91,Yea
passage-suspension,117,hr,1204,Yea
passage-suspension,117,hr,1460,Yea
passage-suspension,117,s,1502,Yea
passage-suspension,117,hr,4045,Yea
passage,117,hr,3237,Yea
passage-suspension,117,hr,390,Yea
passage,117,hres,233,Yea
passage,117,hr,1187,Yea
passage-suspension,117,hr,2220,Yea
passage-suspension,117,hres,760,Yea
passage,117,hr,1446,Yea
passage,117,hres,473,Yea
passage,117,hr,842,Yea
passage-suspension,117,hr,239,Yea
passage-suspension,117,hr,4531,Yea
passage,117,hr,6119,Yea
passage,117,sjres,33,Yea
passage-suspension,117,hr,1664,Yea
passage,117,hr,3985,Yea
passage,117,hres,8,Yea
passage,117,hres,535,Yea
passage,117,hres,851,Yea
passage,117,hr,5314,Yea
passage-suspension,117,hres,317,Yea
passage-suspension,117,hres,837,Yea
passage-suspension,117,hr,3894,Yea
passage-suspension,117,hr,2355,Yea
passage,117,hr,2467,Yea
passage-suspension,117,hr,22,Yea
passage,117,hres,852,Yea
passage,117,hr,5665,Yea
passage-suspension,117,hr,2365,Yea
passage-suspension,117,hr,5323,Yea
passage-suspension,117,hr,2364,Yea
passage-suspension,117,hr,3743,Yea
passage-suspension,117,hr,1155,Yea
passage-suspension,117,hr,3537,Yea
passage,117,hr,4373,Yea
passage-suspension,117,hr,5290,Yea
passage,117,hr,3755,Yea
passage-suspension,117,hr,5293,Yea
passage-suspension,117,hr,5677,Yea
passage-suspension,117,hr,3237,Yea
passage-suspension,117,hr,4996,Yea
passage-suspension,117,hr,2930,Yea
passage-suspension,117,s,272,Yea
passage-suspension,117,hr,2278,Yea
passage-suspension,117,hr,4616,Yea
passage,117,hres,601,Yea
passage,117,hr,4350,Yea
passage-suspension,117,hr,5679,Yea
passage,117,hr,5305,Yea
passage-suspension,117,hr,5609,Yea
passage,117,hr,4,Yea
passage,117,hres,567,Yea
passage-suspension,117,hr,172,Yea
passage-suspension,117,hr,2877,Yea
passage-suspension,117,hr,3469,Yea
passage-suspension,117,s,937,Yea
passage,117,hres,803,Yea
passage-suspension,117,hr,1374,Yea
passage-suspension,117,hres,134,Yea
passage-suspension,117,hr,2758,Yea
passage-suspension,117,hr,3593,Yea
passage,117,hres,789,Yea
passage,117,hr,2062,Yea
passage,117,hres,188,Yea
passage-suspension,117,hr,4881,Yea
passage-suspension,117,hr,983,Yea
passage-suspension,117,hr,1996,Yea
passage-suspension,117,hr,3533,Yea
passage,117,hres,716,Yea
passage,117,hr,1333,Yea
passage-suspension,117,hr,1192,Yea
passage,117,hr,1195,Yea
passage-suspension,117,hr,3919,Yea
passage-suspension,117,hr,1762,Yea
passage-suspension,117,hr,1490,Yea
passage-suspension,117,hr,4032,Yea
passage,117,hr,5,Yea
passage,117,hr,1573,Yea
passage,117,hres,795,Yea
passage,117,hr,6,Yea
passage-suspension,117,hr,2088,Yea
passage,117,sjres,15,Yea
passage-suspension,117,hr,2225,Yea
passage,117,hr,1,Yea
passage-suspension,117,hr,1619,Yea
passage,117,hr,256,Yea
passage,117,hr,1868,Yea
passage-suspension,117,hr,4256,Yea
passage-suspension,117,hr,147,Yea
passage-suspension,117,hr,2911,Yea
passage-suspension,117,hr,1868,Yea
passage-suspension,117,hr,391,Yea
passage,117,hr,1065,Yea
passage,117,hr,5376,Yea
passage-suspension,117,hr,4067,Yea
passage-suspension,117,hr,446,Yea
passage-suspension,117,hr,3635,Yea
passage-suspension,117,hr,546,Yea
passage-suspension,117,hr,1482,Yea
passage-suspension,117,hr,5434,Yea
passage-suspension,117,hres,130,Yea
passage,117,hr,447,Yea
passage,118,hr,2925,Nay
passage-suspension,118,hr,7521,Yea
passage-suspension,118,s,546,Yea
passage-suspension,118,hr,4755,Yea
passage-suspension,118,hres,966,Yea
passage-suspension,118,hr,4866,Yea
passage-suspension,118,hres,149,Yea
passage,118,hr,6679,Yea
passage,118,hr,4691,Nay
passage,118,hr,6918,Nay
passage,118,hr,8771,Nay
passage,118,hjres,98,Not Voting
passage-suspension,118,hr,3250,Yea
passage,118,hr,6914,Nay
passage,118,hr,4639,Yea
passage-suspension,118,s,3427,Yea
passage-suspension,118,hr,5826,Yea
passage,118,hr,8034,Yea
passage,118,hr,529,Yea
passage-suspension,118,hr,7659,Yea
passage-suspension,118,hr,4723,Yea
passage-suspension,118,hr,886,Yea
passage-suspension,118,hr,6603,Yea
passage-suspension,118,hr,5528,Yea
passage,118,hr,6678,Nay
passage,118,hr,6046,Nay
passage,118,hres,969,Nay
passage,118,hr,8752,Nay
passage,118,hr,5947,Nay
passage-suspension,118,hr,2754,Yea
passage-suspension,118,s,2051,Yea
passage-suspension,118,hr,6543,Yea
passage,118,hres,1316,Nay
passage,118,hres,947,Not Voting
passage,118,hr,8146,Nay
passage-suspension,118,hr,3950,Yea
passage-suspension,118,hr,2789,Yea
passage-suspension,118,hr,2964,Yea
passage,118,hr,8580,Nay
passage,118,hr,354,Nay
passage-suspension,118,hr,4581,Yea
passage-suspension,118,hr,3935,Yea
passage-suspension,118,hr,1797,Yea
passage-suspension,118,hr,6960,Yea
passage,118,hr,7530,Nay
passage-suspension,118,hr,4310,Yea
passage-suspension,118,s,138,Yea
passage-suspension,118,hr,443,Yea
passage-suspension,118,hr,5921,Nay
passage-suspension,118,hr,3354,Yea
passage,118,hr,8036,Yea
passage-suspension,118,hr,4984,Yea
passage,118,hres,1143,Yea
passage-suspension,118,hr,7463,Yea
passage-suspension,118,hr,3843,Yea
passage-suspension,118,hr,7219,Yea
passage,118,hr,1121,Nay
passage,118,hr,6192,Nay
passage-suspension,118,hr,3391,Yea
passage-suspension,118,hr,5923,Yea
passage-suspension,118,hr,2882,Yea
veto-override,118,hjres,98,Nay
passage-suspension,118,hr,3838,Yea
passage,118,hr,3195,Nay
passage,118,hr,6009,Nay
passage,118,hr,7700,Nay
passage-suspension,118,hr,7454,Yea
passage,118,hres,1112,Nay
passage,118,hr,7511,Nay
passage,118,hr,6323,Nay
passage-suspension,118,hr,2766,Yea
passage-suspension,118,hr,7525,Yea
passage-suspension,118,hr,7102,Yea
passage,118,hr,8774,Nay
passage,118,hres,957,Nay
passage-suspension,118,s,3250,Yea
passage-suspension,118,hr,897,Yea
passage-suspension,118,hr,3033,Yea
passage,118,hr,5585,Nay
passage,118,hres,1344,Nay
passage,118,hres,1065,Nay
passage-suspension,118,hr,1767,Yea
passage-suspension,118,hr,4143,Yea
passage,118,hjres,165,Nay
passage-suspension,118,hr,3202,Yea
passage-suspension,118,hr,3738,Yea
passage-suspension,118,hr,4877,Yea
passage-suspension,118,hres,883,Yea
passage-suspension,118,hres,288,Yea
passage-suspension,118,hr,6655,Yea
passage-suspension,118,hr,5441,Yea
passage-suspension,118,hr,2872,Yea
passage-suspension,118,hr,5862,Yea
passage-suspension,118,hres,1102,Yea
passage-suspension,118,hr,4824,Yea
passage-suspension,118,hr,1752,Yea
passage,118,hr,8035,Yea
passage-suspension,118,hr,5856,Yea
veto-override,118,hjres,109,Nay
passage,118,hr,615,Nay
passage,118,hr,7109,Nay
passage-suspension,118,hr,6093,Yea
passage-suspension,118,s,870,Yea
passage-suspension,118,hr,4016,Yea
passage,118,hr,8772,Nay
passage-suspension,118,hr,3019,Yea
passage,118,hres,1213,Yea
passage,118,sjres,38,Not Voting
passage-suspension,118,hr,6571,Yea
passage,118,hr,8282,Nay
passage-suspension,118,hres,901,Yea
passage,118,hr,8369,Nay
passage-suspension,118,hr,839,Not Voting
passage-suspension,118,hr,6572,Nay
passage-suspension,118,hr,5863,Yea
passage,118,hr,788,Not Voting
passage-suspension,118,hr,7152,Yea
passage,118,hr,7581,Yea
passage,118,hr,7343,Nay
passage,118,hres,1292,Nay
passage-suspension,118,hr,6983,Yea
passage-suspension,118,hres,1215,Yea
passage-suspension,118,hr,4510,Yea
passage,118,hres,1210,Nay
passage,118,hjres,109,Nay
passage,118,hr,7176,Nay
passage,118,hres,1160,Yea
passage,118,hr,8038,Yea
passage-suspension,118,hr,6544,Yea
passage,118,hconres,86,Nay
passage,118,hr,7637,Nay
passage-suspension,118,hr,8289,Yea
passage-suspension,118,hres,1061,Yea
passage-suspension,118,hr,7024,Yea
passage-suspension,118,hr,6015,Yea
passage-suspension,118,hr,2560,Yea
passage-suspension,118,hr,4681,Yea
passage-suspension,118,hr,7520,Yea
passage-suspension,118,hr,3821,Yea
passage-suspension,118,hr,7423,Yea
passage,118,hr,6090,Yea
passage,118,hres,987,Nay
passage-suspension,118,hr,5375,Yea
passage-suspension,118,hr,1836,Yea
passage-suspension,118,hr,3602,Nay
passage-suspension,118,hr,533,Yea
passage-suspension,118,hr,5917,Yea
passage-suspension,118,hr,7217,Nay
passage-suspension,118,s,382,Yea
passage-suspension,118,hr,1727,Yea
passage-suspension,118,hr,6245,Yea
passage-suspension,118,hr,6408,Yea
passage,118,hr,6976,Nay
passage-suspension,118,hconres,25,Yea
passage-suspension,118,hr,4470,Yea
passage-suspension,118,hr,3981,Yea
passage,118,hjres,88,Nay
passage,118,hr,4821,Nay
passage,118,hr,4364,Nay
passage-suspension,118,hr,302,Yea
passage,118,hjres,74,Nay
passage,118,hr,382,Nay
passage,118,hres,773,Yea
passage-suspension,118,hr,1607,Yea
passage,118,hconres,21,Nay
passage,118,hres,11,Yea
passage-suspension,118,hr,663,Yea
passage,118,hr,2811,Nay
passage-suspension,118,s,475,Yea
passage,118,hr,4468,Nay
passage-suspension,118,hr,1353,Yea
passage,118,hr,4368,Nay
passage-suspension,118,hr,1154,Yea
passage-suspension,118,hr,1107,Yea
passage,118,hr,4665,Nay
passage-suspension,118,hr,3774,Yea
passage,118,hres,12,Nay
passage-suspension,118,hr,753,Yea
passage,118,hjres,68,Nay
passage,118,hr,26,Nay
passage,118,hjres,70,Nay
passage,118,hconres,9,Yea
passage-suspension,118,hr,2812,Yea
passage,118,hres,845,Nay
passage,118,hres,456,Nay
veto-override,118,hjres,45,Nay
passage,118,hres,521,Nay
passage-suspension,118,hr,1734,Yea
passage-suspension,118,hres,793,Yea
passage,118,hr,288,Nay
passage,118,hr,3799,Nay
passage-suspension,118,hr,2796,Yea
passage-suspension,118,hr,3089,Yea
passage-suspension,118,hres,888,Yea
passage-suspension,118,hres,363,Yea
passage-suspension,118,hres,894,Present
passage-suspension,118,hr,2792,Yea
passage,118,sjres,32,Nay
passage-suspension,118,hr,1339,Yea
passage,118,hr,2,Nay
passage,118,hr,277,Nay
passage-suspension,118,hr,1096,Yea
veto-override,118,hjres,42,Nay
passage,118,hr,467,Nay
passage,118,hconres,30,Nay
passage,118,hres,878,Yea
passage-suspension,118,hr,542,Yea
passage-suspension,118,hr,2795,Yea
passage,118,hjres,44,Nay
passage,118,hr,1615,Nay
passage-suspension,118,hr,1548,Yea
passage-suspension,118,hr,359,Yea
passage,118,hjres,30,Nay
passage-suspension,118,hr,346,Yea
passage-suspension,118,s,111,Yea
passage-suspension,118,hr,300,Yea
passage-suspension,118,hres,798,Yea
passage,118,hr,4366,Nay
passage-suspension,118,hr,3324,Yea
passage,118,hr,140,Nay
passage-suspension,118,hr,406,Yea
passage-suspension,118,hr,1151,Yea
passage-suspension,118,hres,927,Yea
passage-suspension,118,hr,5860,Yea
passage,118,hr,21,Nay
passage-suspension,118,hr,500,Yea
passage-suspension,118,hr,2379,Yea
passage-suspension,118,hres,240,Yea
passage,118,hr,6126,Nay
passage-suspension,118,hr,159,Yea
passage-suspension,118,hr,400,Yea
passage,118,hr,2670,Nay
passage,118,hr,1147,Nay
passage-suspension,118,hr,4502,Yea
veto-override,118,hjres,30,Nay
passage,118,hr,1,Nay
passage-suspension,118,hr,1567,Yea
passage,118,sjres,9,Nay
passage,118,hr,4394,Nay
passage,118,hr,139,Nay
passage-suspension,118,hres,559,Yea
passage,118,hjres,71,Nay
passage,118,hjres,7,Nay
passage-suspension,118,hr,1226,Yea
passage-suspension,118,hconres,57,Yea
passage,118,hr,23,Nay
passage,118,hr,4367,Nay
passage-suspension,118,hr,5378,Yea
passage,118,hr,734,Nay
passage,118,hr,4365,Nay
passage,118,hres,914,Nay
passage-suspension,118,hr,1338,Yea
passage,118,hr,5933,Nay
passage,118,hr,1435,Nay
passage-suspension,118,hr,1123,Yea
passage,118,hres,5,Nay
passage-suspension,118,hr,340,Yea
passage,118,hres,76,Nay
passage,118,hjres,79,Nay
passage-suspension,118,hr,813,Yea
passage,118,hr,3935,Yea
passage-suspension,118,hr,3224,Yea
passage,118,hr,5692,Yea
passage-suspension,118,hres,90,Yea
passage-suspension,118,hres,311,Yea
passage-suspension,118,s,112,Yea
passage-suspension,118,hr,6503,Yea
passage-suspension,118,hr,593,Yea
passage-suspension,118,hr,1105,Yea
passage-suspension,118,hr,1156,Yea
passage-suspension,118,hres,382,Yea
passage,118,hr,3564,Nay
passage-suspension,118,hr,2793,Yea
passage-suspension,118,hr,3672,Yea
passage-suspension,118,hr,1076,Yea
passage,118,hr,5961,Yea
passage-suspension,118,hr,1606,Yea
passage,118,hres,461,Nay
passage-suspension,118,hr,2797,Yea
passage,118,hr,1640,Nay
passage-suspension,118,hr,1530,Yea
passage-suspension,118,hr,676,Yea
passage-suspension,118,hr,6363,Yea
passage-suspension,118,hr,1715,Yea
passage-suspension,118,hr,1547,Yea
passage,118,sjres,11,Nay
passage-suspension,118,hr,1669,Yea
passage-suspension,118,hr,3099,Yea
passage-suspension,118,hr,5110,Yea
passage,118,hjres,45,Nay
veto-override,118,hjres,39,Nay
passage-suspension,118,hr,3848,Yea
passage,118,hjres,39,Nay
passage-suspension,118,hr,1149,Yea
passage,118,hres,757,Yea
passage-suspension,118,hr,589,Yea
passage,118,hjres,27,Nay
passage-suspension,118,hr,5524,Yea
passage-suspension,118,hr,5119,Yea
passage-suspension,118,hr,1159,Yea
passage-suspension,118,hr,3152,Yea
passage-suspension,118,hres,771,Yea
veto-override,118,hjres,27,Nay
passage,118,hconres,3,Nay
passage-suspension,118,hres,132,Yea
passage,118,hjres,24,Nay
passage,118,hr,185,Nay
passage-suspension,118,hr,2670,Yea
passage,118,hr,5525,Nay
passage,118,hr,3941,Nay
passage-suspension,118,hr,2365,Yea
passage,118,sjres,24,Nay
passage-suspension,118,s,788,Yea
passage-suspension,118,hr,1093,Yea
passage,118,hjres,42,Nay
passage,118,s,619,Yea
passage-suspension,118,hr,4531,Yea
passage-suspension,118,hres,492,Yea
passage-suspension,118,hres,104,Yea
passage-suspension,118,hconres,7,Yea
passage,118,hjres,26,Nay
passage-suspension,118,hr,538,Yea
passage,118,hr,22,Nay
