Category:,Congress,Bill Type,Bill Number,Vote Position
passage-suspension,102,hr,5237,Yea
passage,102,hres,425,Yea
passage-suspension,102,hr,4276,Not Voting
passage,102,hr,5334,Yea
passage,102,hres,393,Yea
passage,102,hr,3724,Yea
passage-suspension,102,s,1699,Nay
passage-suspension,102,hr,5475,Nay
passage,102,hres,463,Yea
passage-suspension,102,hr,3490,Yea
passage,102,hres,303,Yea
passage-suspension,102,hr,2152,Yea
passage,102,hres,462,Yea
passage-suspension,102,hjres,414,Yea
passage-suspension,102,hconres,320,Yea
passage,102,hres,474,Yea
passage,102,hres,432,Yea
passage,102,hres,396,Yea
passage,102,hr,5191,Yea
passage-suspension,102,hres,433,Yea
passage,102,hres,430,Yea
passage,102,hr,3337,Not Voting
passage-suspension,102,hconres,239,Yea
passage-suspension,102,hr,4113,Yea
passage,102,hr,4990,Yea
passage,102,hconres,287,Yea
passage-suspension,102,hr,3337,Nay
passage,102,hres,513,Yea
passage-suspension,102,hr,5419,Yea
passage-suspension,102,hconres,268,Yea
passage,102,hres,602,Yea
passage,102,hres,603,Yea
passage-suspension,102,hr,3281,Yea
passage,102,hjres,502,Yea
passage-suspension,102,hr,3562,Yea
passage,102,hr,3247,Yea
passage-suspension,102,s,2681,Yea
passage-suspension,102,hr,4095,Yea
passage,102,hr,776,Yea
passage-suspension,102,hr,1989,Yea
passage-suspension,102,hr,6179,Yea
passage,102,hr,5055,Yea
passage,102,hres,587,Yea
passage,102,hjres,517,Nay
passage-suspension,102,s,2481,Yea
passage,102,hres,501,Yea
passage,102,s,3144,Yea
passage,102,hr,5679,Nay
passage,102,hres,505,Yea
passage,102,s,1306,Yea
passage-suspension,102,hr,2164,Nay
passage,102,hr,5006,Nay
passage,102,hr,5677,Yea
passage,102,hr,5132,Yea
passage,102,hres,479,Yea
passage,102,hr,5679,Yea
passage-suspension,102,hr,450,Yea
passage-suspension,102,hr,5645,Nay
passage,102,hr,5260,Yea
passage,102,hr,4547,Nay
passage,102,hres,466,Yea
passage-suspension,102,hr,3209,Yea
passage,102,hr,4484,Yea
passage,102,hres,412,Nay
passage,102,hres,429,Yea
passage,102,hres,560,Yea
passage,102,hres,442,Yea
passage,102,hr,5620,Yea
passage,102,hr,4312,Yea
passage,102,hr,4111,Yea
passage-suspension,102,hr,2321,Yea
passage,102,hr,5132,Yea
passage-suspension,102,hr,5653,Nay
passage,102,hr,3090,Yea
passage,102,hres,379,Yea
passage,102,hr,5679,Not Voting
passage,102,hr,3603,Yea
passage,102,hr,5466,Yea
passage-suspension,102,hr,5021,Yea
passage,102,hr,2507,Yea
passage,102,s,323,Yea
passage,102,hres,258,Yea
passage-suspension,102,s,606,Yea
passage,102,hres,413,Yea
passage,102,hres,485,Nay
passage,102,s,12,Yea
passage,102,hres,427,Yea
passage,102,hr,5678,Yea
passage-suspension,102,hr,5534,Yea
passage,102,hres,374,Yea
passage-suspension,102,hr,543,Yea
passage,102,hr,5623,Yea
passage,102,s,5,Yea
passage,102,hres,571,Yea
passage,102,hres,532,Nay
passage,102,s,250,Yea
passage,102,hres,423,Yea
passage,102,hr,5373,Nay
passage,102,hr,5488,Yea
passage,102,hres,340,Yea
passage,102,hr,5334,Not Voting
passage,102,hr,11,Yea
passage-suspension,102,s,1704,Yea
passage,102,hres,601,Yea
passage-suspension,102,s,1528,Nay
passage,102,hjres,553,Yea
passage,102,hres,570,Yea
passage-suspension,102,hr,5429,Yea
passage-suspension,102,hr,5673,Yea
passage,102,hr,5100,Yea
passage,102,s,1150,Yea
passage-suspension,102,hr,5716,Yea
passage,102,hres,604,Yea
passage-suspension,102,hr,2548,Yea
passage,102,hr,5368,Yea
passage-suspension,102,s,3100,Yea
passage,102,hr,5678,Yea
passage,102,hr,5739,Yea
passage-suspension,102,hr,5323,Nay
passage-suspension,102,hr,5938,Yea
passage,102,hr,5318,Yea
passage,102,hr,6056,Yea
passage,102,hres,518,Yea
passage,102,hr,5487,Yea
passage-suspension,102,hr,11,Yea
passage,102,s,1696,Yea
passage,102,hr,5427,Yea
passage,102,s,429,Yea
passage,102,hres,579,Yea
passage,102,hr,5260,Yea
passage,102,hr,2194,Yea
passage-suspension,102,hjres,512,Nay
passage,102,s,2532,Nay
passage,102,hres,574,Yea
passage,102,hconres,192,Yea
passage,102,hres,591,Yea
passage,102,hres,543,Yea
passage,102,hres,471,Yea
passage-suspension,102,hr,3247,Not Voting
passage,102,hjres,456,Yea
passage,102,hr,5487,Yea
passage-suspension,102,hr,5333,Yea
passage,102,hr,4691,Yea
passage,102,hres,386,Yea
passage,102,hr,3590,Not Voting
passage-suspension,102,hr,5058,Nay
passage,102,hres,440,Yea
passage,102,hres,450,Nay
passage,102,hr,3553,Yea
passage,102,hres,551,Yea
passage,102,hr,4210,Yea
passage,102,hconres,246,Yea
passage,102,hres,444,Yea
passage,102,hres,402,Yea
passage-suspension,102,s,1306,Yea
passage,102,hr,5677,Yea
passage,102,hres,456,Yea
passage,102,hres,443,Yea
passage,102,hr,4850,Yea
passage,102,hr,4210,Yea
passage,102,hr,1236,Yea
passage,102,hjres,222,Yea
passage,102,hr,2686,Yea
passage,102,hres,111,Yea
passage-suspension,102,hr,2454,Yea
passage,102,hres,280,Yea
passage,102,hr,2699,Yea
passage-suspension,102,hres,95,Yea
passage,102,hres,166,Not Voting
passage-suspension,102,hr,555,Yea
passage,102,hres,252,Yea
passage-suspension,102,sconres,2,Yea
passage-suspension,102,hr,180,Yea
passage,102,hres,88,Yea
passage-suspension,102,hr,232,Yea
passage,102,hr,1,Yea
passage,102,hres,277,Nay
passage,102,s,248,Yea
passage,102,hr,2,Yea
passage,102,hres,266,Yea
passage,102,hr,2622,Yea
passage,102,hres,241,Yea
passage-suspension,102,hr,154,Yea
passage-suspension,102,hr,598,Yea
passage-suspension,102,hr,707,Yea
passage,102,hr,2506,Yea
passage-suspension,102,hconres,41,Yea
passage-suspension,102,hr,991,Yea
passage-suspension,102,hr,556,Yea
passage,102,hconres,191,Yea
passage-suspension,102,hjres,346,Yea
passage-suspension,102,hr,1107,Yea
passage,102,hres,294,Not Voting
passage,102,hres,230,Yea
passage,102,hres,279,Yea
passage,102,hr,3750,Yea
passage,102,s,1722,Yea
passage,102,hr,1426,Yea
passage-suspension,102,hres,287,Yea
passage,102,hr,2900,Yea
passage-suspension,102,hr,2893,Yea
passage,102,hr,1989,Yea
passage,102,hr,2707,Yea
passage,102,hjres,313,Yea
passage-suspension,102,hr,3033,Yea
passage,102,hr,3201,Yea
passage,102,hres,206,Yea
passage,102,hr,1455,Yea
passage,102,hr,2698,Yea
passage-suspension,102,hr,3029,Yea
passage,102,hr,2942,Yea
passage,102,hres,283,Yea
passage,102,hr,2707,Yea
passage-suspension,102,s,483,Yea
passage-suspension,102,hconres,197,Yea
passage-suspension,102,hr,2042,Yea
passage,102,hres,101,Yea
passage,102,hconres,121,Yea
passage,102,hr,2707,Yea
passage,102,s,419,Nay
passage,102,s,419,Nay
passage,102,s,725,Yea
passage,102,hres,275,Yea
passage,102,hr,2251,Yea
passage,102,hres,158,Nay
passage-suspension,102,hr,1642,Yea
passage,102,hres,247,Yea
passage,102,hr,1281,Yea
passage-suspension,102,hr,2032,Yea
passage,102,hr,1281,Not Voting
passage,102,hres,123,Yea
passage,102,s,1745,Yea
passage-suspension,102,hr,26,Yea
passage,102,hr,6,Nay
passage-suspension,102,hr,4,Yea
passage-suspension,102,hr,3,Yea
passage-suspension,102,hconres,44,Yea
passage-suspension,102,sjres,55,Yea
passage,102,hres,232,Yea
passage,102,hconres,121,Yea
passage,102,hr,1988,Yea
passage,102,hr,2508,Nay
passage,102,hr,3575,Yea
passage-suspension,102,hr,479,Yea
passage,102,hr,2369,Yea
passage-suspension,102,hr,586,Yea
passage-suspension,102,hconres,40,Yea
passage-suspension,102,hconres,48,Yea
passage-suspension,102,hres,116,Yea
passage,102,hres,144,Yea
passage,102,hres,176,Yea
passage,102,hr,2251,Yea
passage,102,hr,2950,Yea
passage,102,hr,2427,Yea
passage,102,hr,2519,Nay
passage-suspension,102,hconres,199,Yea
passage,102,hres,298,Not Voting
passage,102,s,1722,Yea
passage,102,hres,301,Yea
passage,102,hjres,77,Nay
passage,102,hres,195,Yea
passage,102,hconres,32,Yea
passage,102,hres,226,Yea
passage,102,hres,299,Nay
passage,102,hr,2519,Yea
passage-suspension,102,hr,500,Yea
passage,102,hr,3039,Yea
passage,102,hres,286,Yea
passage,102,hres,309,Nay
passage-suspension,102,hr,3909,Yea
passage,102,hr,14,Yea
passage-suspension,102,hres,282,Yea
passage,102,hr,2967,Not Voting
passage,102,hjres,263,Yea
passage,102,hjres,308,Nay
passage,102,hr,2100,Nay
passage,102,hr,2699,Yea
passage,102,hr,3595,Yea
passage-suspension,102,hconres,226,Yea
passage,102,hr,2212,Yea
passage,102,hres,236,Yea
passage,102,hr,2212,Yea
passage,102,hr,2521,Nay
passage,102,hr,355,Yea
passage,102,hr,429,Yea
passage-suspension,102,s,534,Yea
passage-suspension,102,hr,3298,Yea
passage,102,hres,177,Yea
passage-suspension,102,s,565,Yea
passage,102,hres,159,Yea
passage-suspension,102,hconres,45,Not Voting
passage,102,hres,157,Yea
passage,102,hres,146,Nay
passage-suspension,102,hr,3350,Yea
passage,102,hr,2621,Not Voting
passage-suspension,102,hr,1047,Yea
passage,102,hr,1282,Yea
passage,102,hjres,360,Yea
passage,102,hres,156,Not Voting
passage,102,hres,179,Not Voting
passage,102,hr,2519,Yea
passage,102,hres,92,Yea
passage,102,hres,270,Yea
passage,102,hres,105,Yea
passage,102,hr,2100,Nay
passage,102,hr,1282,Nay
passage,102,hr,2426,Yea
passage,103,hres,226,Yea
passage,103,hres,132,Yea
passage-suspension,103,hr,1109,Yea
passage-suspension,103,hr,2684,Yea
passage-suspension,103,hres,188,Not Voting
passage,103,hr,1845,Yea
passage-suspension,103,hr,904,Yea
passage-suspension,103,hr,890,Yea
passage,103,hr,1335,Yea
passage-suspension,103,s,326,Yea
passage-suspension,103,sconres,50,Yea
passage,103,hr,1025,Yea
passage,103,hres,319,Yea
passage,103,hjres,283,Yea
passage,103,hres,163,Yea
passage-suspension,103,hr,20,Yea
passage,103,hr,2264,Yea
passage-suspension,103,hr,868,Yea
passage-suspension,103,hr,2202,Yea
passage-suspension,103,s,328,Yea
passage,103,hres,316,Yea
passage,103,hr,2401,Yea
passage,103,hres,71,Yea
passage-suspension,103,hr,3548,Yea
passage,103,hr,2518,Yea
passage,103,hres,263,Yea
passage,103,hr,2295,Nay
passage,103,hr,1876,Nay
passage,103,hres,246,Yea
passage,103,hr,2295,Yea
passage,103,hres,134,Yea
passage,103,hres,322,Yea
passage,103,hr,2739,Yea
passage,103,hres,254,Yea
passage,103,hr,2333,Yea
passage,103,hres,240,Yea
passage,103,hres,320,Nay
passage,103,hr,2491,Yea
passage,103,hres,142,Yea
passage-suspension,103,hr,3350,Yea
passage,103,hconres,39,Yea
passage,103,hr,2518,Yea
passage,103,hres,313,Yea
passage-suspension,103,s,662,Yea
passage-suspension,103,hr,829,Yea
passage,103,hres,216,Yea
passage-suspension,103,hr,2440,Yea
passage,103,hr,4,Yea
passage,103,hres,279,Yea
passage,103,hres,206,Yea
passage-suspension,103,hr,38,Yea
passage,103,hr,2491,Yea
passage-suspension,103,hr,588,Yea
passage-suspension,103,hr,2668,Yea
passage,103,hr,322,Yea
passage,103,hr,2118,Yea
passage,103,hres,293,Yea
passage,103,hres,314,Yea
passage-suspension,103,hr,3351,Yea
passage-suspension,103,hr,2535,Yea
passage,103,hres,183,Yea
passage,103,hres,172,Yea
passage-suspension,103,hr,328,Yea
passage,103,hr,1964,Yea
passage,103,s,1,Yea
passage-suspension,103,hr,1133,Yea
passage,103,hres,58,Yea
passage-suspension,103,hr,2457,Yea
passage,103,hres,298,Yea
passage,103,hres,273,Yea
passage-suspension,103,hr,965,Yea
passage,103,hr,2330,Nay
passage,103,hr,2492,Yea
passage-suspension,103,hr,1757,Not Voting
passage,103,hres,283,Yea
passage-suspension,103,hr,617,Yea
passage,103,hres,59,Yea
passage,103,hr,1430,Yea
passage,103,hres,302,Yea
passage-suspension,103,hr,3098,Yea
passage-suspension,103,hr,707,Yea
passage,103,hres,287,Yea
passage,103,hr,920,Yea
passage,103,hr,2351,Yea
passage,103,hr,2244,Yea
passage-suspension,103,hr,873,Not Voting
passage,103,hr,2403,Yea
passage,103,hres,268,Not Voting
passage-suspension,103,hr,2201,Yea
passage,103,hres,252,Yea
passage,103,hres,208,Not Voting
passage-suspension,103,hr,2202,Yea
passage,103,hres,197,Nay
passage,103,hres,262,Yea
passage,103,hres,195,Not Voting
passage,103,hres,5,Yea
passage,103,hr,2010,Yea
passage,103,hr,2446,Yea
passage,103,hr,20,Yea
passage,103,hr,3,Yea
passage,103,hres,250,Not Voting
passage,103,hjres,267,Yea
passage,103,hr,808,Yea
passage,103,hres,241,Yea
passage,103,hres,200,Yea
passage,103,hr,1159,Yea
passage,103,hr,20,Yea
passage,103,hr,2667,Yea
passage,103,hr,1335,Yea
passage,103,hr,2445,Yea
passage-suspension,103,hr,490,Yea
passage,103,hr,820,Yea
passage,103,hr,2519,Yea
passage-suspension,103,hconres,34,Yea
passage,103,hconres,64,Yea
passage-suspension,103,hr,3354,Yea
passage-suspension,103,hr,239,Yea
passage-suspension,103,hr,175,Yea
passage-suspension,103,s,252,Yea
passage,103,hres,103,Yea
passage,103,hr,873,Yea
passage,103,hres,138,Yea
passage,103,hjres,208,Nay
passage,103,hres,149,Nay
passage,103,hr,2492,Yea
passage-suspension,103,s,164,Yea
passage,103,hres,311,Nay
passage,103,hres,215,Not Voting
passage,103,hres,145,Yea
passage-suspension,103,hr,3353,Yea
passage-suspension,103,hres,118,Yea
passage-suspension,103,hr,750,Yea
passage,103,hr,518,Yea
passage-suspension,103,hr,4067,Yea
passage,103,hres,568,Yea
passage-suspension,103,hr,4158,Yea
passage,103,hr,1804,Yea
passage,103,hr,4277,Yea
passage-suspension,103,hr,3498,Yea
passage,103,hres,397,Yea
passage,103,hres,512,Yea
passage-suspension,103,hr,4448,Nay
passage,103,hres,416,Yea
passage,103,hr,5110,Nay
passage,103,hres,388,Yea
passage,103,hres,500,Yea
passage,103,hr,3759,Yea
passage-suspension,103,hr,2843,Yea
passage,103,hres,343,Present
passage-suspension,103,hr,8,Yea
passage,103,hr,4624,Yea
passage,103,hr,4801,Yea
passage,103,hr,5044,Yea
passage-suspension,103,hr,967,Nay
passage-suspension,103,s,1919,Yea
passage-suspension,103,hr,5139,Yea
passage,103,hr,4779,Yea
passage-suspension,103,hr,4476,Yea
passage-suspension,103,hr,4533,Yea
passage-suspension,103,hr,5044,Yea
passage-suspension,103,s,1225,Yea
passage,103,hres,312,Yea
passage-suspension,103,s,986,Yea
passage,103,hr,4278,Yea
passage,103,hres,565,Yea
passage,103,hr,4606,Yea
passage,103,hres,564,Yea
passage,103,hres,570,Yea
passage-suspension,103,hr,2129,Yea
passage,103,hres,441,Yea
passage,103,s,2182,Yea
passage,103,hres,537,Yea
passage,103,hr,3221,Yea
passage,103,s,1066,Yea
passage-suspension,103,hr,4277,Yea
passage,103,s,2000,Yea
passage-suspension,103,hconres,222,Not Voting
passage-suspension,103,hr,3191,Yea
passage,103,hres,331,Yea
passage,103,hres,422,Yea
passage,103,s,1357,Yea
passage,103,hres,384,Yea
passage,103,hres,429,Yea
passage,103,hjres,373,Nay
passage,103,hr,3474,Yea
passage,103,hres,401,Yea
passage,103,hr,4299,Yea
passage,103,hr,3345,Yea
passage,103,hres,579,Yea
passage,103,hconres,218,Yea
passage-suspension,103,hr,4867,Yea
passage-suspension,103,hr,4034,Yea
passage-suspension,103,hres,476,Yea
passage,103,hres,417,Yea
passage-suspension,103,hres,394,Yea
passage,103,hres,474,Yea
passage-suspension,103,s,2004,Yea
passage,103,hr,4822,Yea
passage,103,hr,4296,Yea
passage-suspension,103,hr,4278,Yea
passage,103,s,208,Yea
passage-suspension,103,hr,2947,Yea
passage,103,hr,4453,Yea
passage,103,s,636,Not Voting
passage,103,s,1569,Yea
passage,103,hres,395,Yea
passage,103,hres,418,Yea
passage,103,hres,550,Yea
passage-suspension,103,hr,1520,Yea
passage-suspension,103,hr,4533,Yea
passage,103,hres,447,Yea
passage-suspension,103,hconres,279,Not Voting
passage,103,hres,526,Yea
passage,103,s,1587,Yea
passage,103,hres,461,Yea
passage,103,hres,450,Yea
passage,103,hr,4539,Not Voting
passage-suspension,103,hconres,286,Not Voting
passage,103,hres,444,Yea
passage,103,hr,4650,Yea
passage,103,hres,563,Nay
passage-suspension,103,hr,5108,Not Voting
passage,103,hres,336,Not Voting
passage-suspension,103,hr,4308,Not Voting
passage-suspension,103,hconres,290,Yea
passage,103,hr,4602,Yea
passage,103,hr,4603,Yea
passage,103,hr,4422,Yea
passage,103,hr,4568,Yea
passage,103,hres,536,Yea
passage-suspension,103,hr,3626,Yea
passage,103,hres,439,Not Voting
passage,103,hres,443,Yea
passage-suspension,103,s,1919,Yea
passage,103,hr,4506,Yea
passage,103,hres,523,Yea
passage,103,s,24,Yea
passage-suspension,103,hr,3636,Yea
passage-suspension,103,s,1225,Yea
passage,103,hres,556,Yea
passage-suspension,103,hr,3770,Yea
passage-suspension,103,hr,3693,Yea
passage-suspension,103,hr,4545,Yea
passage,103,hr,4624,Yea
passage-suspension,103,sconres,31,Yea
passage-suspension,103,s,1654,Yea
passage-suspension,103,hres,329,Yea
passage,103,hjres,103,Nay
passage-suspension,103,hr,4066,Yea
passage,103,hr,4426,Yea
passage,103,hr,4506,Yea
passage-suspension,103,hr,3813,Yea
passage,103,hr,2884,Yea
passage,103,hres,375,Yea
passage,103,hr,4650,Yea
passage,104,hres,156,Nay
passage,104,hr,117,Yea
passage-suspension,104,s,1322,Yea
passage,104,hr,889,Nay
passage,104,sconres,31,Yea
passage,104,hr,1943,Not Voting
passage,104,hr,1833,Nay
passage-suspension,104,hconres,53,Yea
passage,104,hres,38,Nay
passage-suspension,104,hjres,111,Yea
passage,104,hr,2058,Yea
passage,104,hr,9,Nay
passage,104,hr,925,Nay
passage,104,hr,2002,Yea
passage,104,hr,1976,Nay
passage-suspension,104,hjres,110,Yea
passage,104,hres,135,Yea
passage-suspension,104,hjres,112,Yea
passage,104,hres,252,Nay
passage-suspension,104,s,2,Not Voting
passage-suspension,104,hconres,117,Yea
passage,104,hr,1854,Nay
veto-override,104,hr,1058,Nay
passage-suspension,104,hr,1240,Yea
passage-suspension,104,hr,2677,Nay
passage,104,hres,125,Yea
passage,104,hr,2076,Nay
passage,104,hr,2491,Nay
passage,104,hres,5,Nay
passage,104,hjres,102,Nay
passage,104,hr,2525,Yea
passage-suspension,104,hr,2418,Yea
passage,104,hres,296,Not Voting
passage,104,hr,2519,Yea
passage,104,hr,2274,Yea
passage,104,hres,273,Nay
passage,104,hr,2126,Nay
passage-suspension,104,hr,1804,Nay
passage,104,hres,222,Not Voting
passage,104,hr,1905,Yea
passage,104,hres,107,Yea
passage,104,hres,290,Nay
passage,104,hr,483,Yea
passage-suspension,104,hr,694,Yea
passage,104,hres,270,Nay
passage,104,hconres,67,Nay
passage,104,hr,1977,Nay
passage,104,hres,205,Yea
passage,104,hr,889,Yea
passage,104,hr,1530,Not Voting
passage,104,s,21,Nay
passage,104,hr,2621,Not Voting
passage,104,hres,130,Nay
passage-suspension,104,hr,531,Not Voting
passage,104,hr,1058,Nay
passage-suspension,104,hr,2150,Yea
passage,104,hres,105,Nay
passage,104,hr,2126,Nay
passage-suspension,104,hr,402,Not Voting
passage,104,hres,179,Nay
passage-suspension,104,hr,2684,Yea
passage,104,s,244,Yea
passage,104,s,1,Yea
passage,104,hres,307,Nay
passage,104,hres,119,Nay
passage,104,hr,1854,Not Voting
passage,104,hres,301,Not Voting
passage,104,hr,2099,Nay
passage,104,hr,660,Yea
passage,104,hres,304,Yea
passage,104,s,395,Nay
passage,104,hres,140,Yea
passage,104,hr,2076,Nay
passage,104,hr,2491,Nay
passage,104,hres,192,Yea
passage,104,hconres,67,Nay
passage-suspension,104,hres,247,Nay
passage,104,hr,2002,Nay
passage-suspension,104,hr,657,Yea
passage,104,hres,257,Nay
passage,104,hr,39,Not Voting
passage-suspension,104,hr,2353,Yea
passage,104,hr,1977,Nay
passage,104,hres,88,Nay
passage,104,hr,1361,Yea
passage,104,hr,1868,Yea
passage,104,hr,2546,Nay
passage,104,hr,2020,Yea
passage,104,hr,1976,Nay
passage,104,hres,93,Nay
passage,104,hconres,17,Yea
passage,104,hr,2020,Nay
passage,104,hres,245,Not Voting
passage,104,hres,267,Nay
passage,104,hres,83,Nay
passage-suspension,104,hjres,69,Not Voting
passage,104,hres,253,Nay
passage,104,hr,961,Nay
passage,104,hr,1,Yea
passage-suspension,104,hr,1590,Nay
passage,104,hres,251,Nay
passage,104,hr,2126,Nay
passage,104,hres,92,Nay
passage,104,hr,2425,Nay
passage,104,hr,400,Yea
passage,104,hres,183,Not Voting
passage,104,hr,1868,Yea
passage,104,hres,109,Not Voting
passage,104,hr,2491,Nay
passage,104,hres,225,Nay
passage,104,hres,224,Not Voting
passage-suspension,104,hjres,123,Yea
passage,104,hres,226,Nay
passage,104,hr,2127,Nay
passage,104,hjres,134,Yea
passage,104,hres,291,Nay
passage,104,hres,208,Yea
passage-suspension,104,hr,716,Yea
passage-suspension,104,hr,2243,Yea
passage,104,hr,1817,Nay
passage,104,hr,2564,Yea
passage,104,hres,272,Nay
passage-suspension,104,hres,120,Yea
passage,104,hr,2099,Nay
passage,104,hres,207,Nay
passage,104,hres,322,Yea
passage,104,hres,302,Nay
passage,104,hres,309,Not Voting
passage-suspension,104,hjres,132,Not Voting
passage,104,hr,1817,Nay
passage-suspension,104,hr,260,Nay
passage,104,hr,1788,Yea
passage,104,hres,232,Nay
passage-suspension,104,hr,965,Yea
passage,104,hr,1944,Nay
passage-suspension,104,hr,562,Yea
passage-suspension,104,hr,558,Nay
passage,104,hres,271,Nay
passage,104,hres,306,Yea
passage,104,hres,293,Not Voting
passage,104,hr,1158,Nay
passage,104,hr,2770,Nay
passage,104,hconres,122,Nay
passage,104,hres,297,Not Voting
passage-suspension,104,hr,517,Yea
passage-suspension,104,hr,536,Yea
passage-suspension,104,hr,1296,Yea
passage,104,hres,231,Not Voting
passage,104,hres,175,Nay
passage-suspension,104,hr,869,Yea
passage-suspension,104,hr,1091,Yea
passage,104,hres,219,Yea
passage,104,hres,101,Nay
passage,104,hr,2405,Nay
passage,104,hr,665,Yea
passage,104,hr,926,Yea
passage,104,hr,1158,Nay
passage,104,hr,2586,Nay
passage,104,hr,668,Yea
passage,104,hr,2492,Not Voting
passage,104,hres,258,Nay
passage,104,hres,201,Nay
passage,104,hconres,109,Not Voting
passage,104,hres,96,Not Voting
passage,104,hres,155,Nay
passage,104,hres,261,Nay
passage,104,hres,256,Nay
passage,104,hres,262,Nay
passage,104,hr,1905,Yea
passage,104,hres,342,Nay
passage-suspension,104,hres,349,Nay
passage,104,hconres,141,Not Voting
passage,104,s,1124,Nay
veto-override,104,hr,1977,Not Voting
veto-override,104,hr,1530,Not Voting
passage-suspension,104,hr,2657,Yea
passage,104,hres,353,Yea
passage,104,hr,2546,Nay
passage,104,hres,330,Nay
passage,104,hr,1643,Yea
passage,104,hr,2924,Not Voting
passage-suspension,116,hr,6210,Yea
passage,116,hr,2486,Yea
passage,116,hr,2486,Yea
passage-suspension,116,hr,8337,Yea
passage,116,hr,2,Yea
passage,116,hres,965,Yea
passage,116,hr,6800,Yea
passage,116,hres,1028,Yea
passage,116,hr,6395,Yea
passage,116,hr,1957,Yea
passage-suspension,116,hr,5664,Yea
passage-suspension,116,hr,7909,Yea
passage,116,hres,967,Yea
passage-suspension,116,s,979,Yea
passage-suspension,116,hr,5758,Yea
passage-suspension,116,hjres,110,Yea
passage,116,hres,1224,Yea
passage,116,hres,1271,Yea
passage-suspension,116,hr,8900,Yea
passage-suspension,116,hjres,107,Yea
passage,116,hres,1161,Yea
passage,116,hr,925,Yea
passage,116,hr,6395,Yea
passage,116,hres,1129,Yea
passage-suspension,116,hres,512,Yea
passage,116,hres,1244,Yea
veto-override,116,hr,6395,Yea
passage-suspension,116,s,461,Yea
passage-suspension,116,hres,1155,Yea
passage-suspension,116,hr,451,Yea
passage,116,hr,4447,Yea
passage-suspension,116,hr,8354,Yea
passage-suspension,116,hr,9051,Yea
passage,116,hr,1425,Yea
passage,116,hres,981,Yea
passage-suspension,116,hr,4894,Yea
passage-suspension,116,s,2193,Yea
passage-suspension,116,hr,6782,Not Voting
passage-suspension,116,hr,7010,Yea
passage,116,hr,51,Yea
passage,116,hr,7027,Yea
passage,116,hr,8015,Yea
passage,116,hres,1053,Not Voting
passage,116,hr,7617,Yea
passage,116,hr,2694,Yea
passage,116,hr,2574,Yea
passage,116,hr,7608,Yea
passage-suspension,116,hr,7573,Yea
passage,116,hres,1067,Yea
passage-suspension,116,s,2163,Yea
passage,116,hres,908,Yea
passage,116,hres,1060,Yea
passage-suspension,116,s,3147,Yea
passage,116,hres,1154,Yea
passage,116,hr,8294,Yea
passage-suspension,116,hr,4764,Yea
passage,116,hres,1164,Yea
passage-suspension,116,s,906,Yea
passage-suspension,116,hr,3250,Yea
passage-suspension,116,hr,7995,Yea
passage,116,hres,1153,Not Voting
passage,116,hr,6270,Yea
passage-suspension,116,s,327,Yea
passage-suspension,116,hr,4611,Yea
passage-suspension,116,s,2216,Yea
passage-suspension,116,hr,5040,Yea
passage,116,hr,133,Yea
passage-suspension,116,hr,1380,Yea
passage,116,hr,3884,Yea
passage,116,hr,133,Yea
passage-suspension,116,s,2981,Yea
passage,116,hr,2639,Yea
passage,116,hres,1092,Yea
veto-override,116,hjres,76,Yea
passage,116,hjres,90,Yea
passage,116,hres,1107,Yea
passage,116,hr,7327,Yea
passage,116,hres,1017,Yea
passage,116,hr,7301,Yea
passage-suspension,116,s,3744,Yea
passage,116,hr,5332,Yea
passage,116,hr,7120,Yea
passage-suspension,117,hr,3197,Yea
passage-suspension,117,hr,203,Yea
passage,117,hr,963,Yea
passage-suspension,117,hr,700,Yea
passage,117,hres,1508,Yea
passage-suspension,117,hr,2954,Yea
passage-suspension,117,hr,6899,Yea
passage,117,hr,7900,Yea
passage-suspension,117,hr,5001,Yea
passage-suspension,117,hr,6871,Yea
passage,117,hr,9640,Yea
passage-suspension,117,hr,1437,Yea
passage,117,hres,1232,Yea
passage,117,hr,1948,Yea
passage-suspension,117,hr,3539,Yea
passage-suspension,117,hr,8454,Yea
passage,117,hres,1256,Not Voting
passage,117,hr,3485,Yea
passage-suspension,117,s,3168,Yea
passage-suspension,117,hr,7077,Yea
passage-suspension,117,s,3527,Yea
passage-suspension,117,hr,3359,Yea
passage-suspension,117,s,3499,Yea
passage-suspension,117,s,812,Yea
passage,117,hres,900,Yea
passage,117,hr,3617,Yea
passage-suspension,117,s,2959,Yea
passage-suspension,117,hr,1916,Yea
passage,117,hres,1224,Yea
passage-suspension,117,hr,6089,Yea
passage-suspension,117,hr,923,Yea
passage-suspension,117,hr,1917,Yea
passage-suspension,117,s,66,Yea
passage,117,hr,8296,Yea
passage-suspension,117,hr,4738,Yea
passage-suspension,117,s,2796,Yea
passage-suspension,117,s,1760,Yea
passage-suspension,117,hr,7734,Yea
passage-suspension,117,hr,2842,Yea
passage-suspension,117,s,1872,Yea
passage,117,hres,1529,Yea
passage-suspension,117,hr,5659,Yea
passage-suspension,117,hr,6868,Yea
passage-suspension,117,s,3875,Yea
passage-suspension,117,hr,1934,Yea
passage-suspension,117,s,2629,Yea
passage-suspension,117,hr,6531,Yea
passage-suspension,117,s,3308,Yea
passage-suspension,117,hr,224,Yea
passage-suspension,117,hr,7337,Yea
passage,117,hr,8876,Yea
passage,117,hres,979,Yea
passage-suspension,117,hr,5271,Yea
passage-suspension,117,hr,6930,Yea
passage-suspension,117,hr,5657,Yea
passage-suspension,117,hr,4693,Yea
passage-suspension,117,hr,7174,Yea
passage-suspension,117,s,452,Yea
passage-suspension,117,hr,7352,Yea
passage,117,hr,1808,Yea
passage-suspension,117,s,3451,Nay
passage-suspension,117,hr,5774,Yea
passage,117,hr,7606,Yea
passage-suspension,117,s,4785,Yea
passage-suspension,117,hr,5879,Yea
passage-suspension,117,,,Yea
passage,117,hres,1316,Yea
passage-suspension,117,s,4003,Yea
passage-suspension,117,hr,8463,Yea
passage-suspension,117,hr,2724,Yea
passage-suspension,117,hr,6943,Yea
passage,117,hres,1404,Yea
passage-suspension,117,,,Yea
passage-suspension,117,hr,5455,Yea
passage-suspension,117,,,Yea
passage-suspension,117,hr,7335,Yea
passage,117,s,2938,Yea
passage-suspension,117,s,2490,Yea
passage-suspension,117,hr,884,Yea
passage,117,hr,5376,Yea
passage-suspension,117,hr,7622,Yea
passage-suspension,117,hr,7283,Yea
passage-suspension,117,s,2293,Yea
passage-suspension,117,hr,7334,Yea
passage-suspension,117,hr,7777,Yea
passage-suspension,117,hres,1125,Yea
passage,117,hres,1499,Yea
passage,117,hres,1361,Yea
passage-suspension,117,hr,5738,Yea
passage,117,s,4524,Yea
passage-suspension,117,hr,2992,Yea
passage-suspension,117,,,Yea
passage,117,hres,860,Yea
passage-suspension,117,s,4089,Yea
passage-suspension,117,s,3846,Yea
passage-suspension,117,hr,7153,Yea
passage,117,hr,6448,Yea
passage,117,hres,1396,Yea
passage-suspension,117,s,2514,Yea
passage-suspension,117,hr,8888,Yea
passage-suspension,117,hr,4785,Yea
passage,117,hres,1153,Yea
passage,117,hr,3843,Yea
passage,117,hres,1124,Yea
passage-suspension,117,hr,7321,Yea
passage,117,hr,6878,Yea
passage-suspension,117,hr,5407,Yea
passage,117,hr,4176,Yea
passage-suspension,117,hr,7667,Yea
passage,117,hres,1204,Yea
passage-suspension,117,hr,7776,Yea
passage,117,hr,3372,Yea
passage-suspension,117,hr,6965,Yea
passage,117,hr,7780,Yea
passage-suspension,117,s,4900,Yea
passage-suspension,117,,,Yea
passage-suspension,117,hr,3482,Yea
passage-suspension,117,hr,7500,Yea
passage-suspension,117,s,3662,Yea
passage-suspension,117,hr,6376,Yea
passage,117,hres,1377,Yea
passage,117,s,2938,Yea
passage-suspension,117,hr,7694,Yea
passage,117,hr,4346,Yea
passage,117,hres,1289,Yea
passage,117,hr,2377,Yea
passage,117,hr,8326,Yea
passage-suspension,117,s,2089,Yea
passage,117,hr,302,Yea
passage-suspension,117,hr,7108,Yea
passage,117,s,1942,Yea
passage-suspension,117,s,583,Yea
passage,117,hr,4445,Yea
passage,117,hres,1531,Yea
passage,117,hr,3807,Yea
passage-suspension,117,hres,831,Yea
passage-suspension,117,hr,4476,Yea
passage,117,hr,2617,Yea
passage-suspension,117,,,Yea
passage-suspension,117,,,Yea
passage-suspension,117,hres,956,Yea
passage,117,hres,1254,Yea
passage,117,s,3522,Yea
passage,117,hr,8404,Yea
passage,117,s,4003,Yea
passage-suspension,117,hr,5616,Yea
passage-suspension,117,hr,6824,Yea
passage,117,hr,8404,Yea
passage-suspension,117,hr,3508,Yea
passage-suspension,117,hr,5343,Yea
passage-suspension,117,hr,7289,Yea
passage-suspension,117,hr,5547,Yea
passage-suspension,117,hr,6825,Yea
passage-suspension,117,hr,5681,Yea
passage-suspension,117,hr,5689,Yea
passage-suspension,117,hr,5641,Yea
passage-suspension,117,hr,7939,Yea
passage-suspension,117,hr,6968,Yea
passage-suspension,117,s,3773,Yea
passage-suspension,117,hr,6552,Yea
passage-suspension,117,hr,5658,Yea
passage-suspension,117,hconres,70,Yea
passage-suspension,117,s,2938,Yea
passage,117,hr,2499,Yea
passage-suspension,117,s,658,Yea
passage,117,hres,1510,Yea
passage-suspension,117,hr,209,Yea
passage-suspension,117,hr,5673,Yea
passage,117,hr,5129,Yea
passage,117,hr,2471,Yea
passage,117,hres,1065,Yea
passage,117,s,3905,Yea
passage,117,hres,950,Not Voting
passage,117,hr,3967,Yea
passage,117,hr,1437,Yea
passage-suspension,117,s,144,Yea
passage,117,s,3373,Yea
passage,117,hr,4673,Yea
passage-suspension,117,hres,1168,Yea
passage-suspension,117,hres,833,Yea
passage-suspension,117,hr,4133,Yea
passage,117,hr,6538,Yea
passage-suspension,117,s,4052,Yea
passage-suspension,117,hres,720,Yea
passage-suspension,117,hr,6865,Yea
passage-suspension,117,hr,6891,Yea
passage-suspension,117,hr,3113,Yea
passage-suspension,117,hr,6873,Yea
passage-suspension,117,hr,4380,Yea
passage,117,hr,2116,Yea
passage-suspension,117,hr,5900,Yea
passage-suspension,117,hconres,45,Yea
passage-suspension,117,hr,7066,Yea
passage-suspension,117,hr,2324,Yea
passage,117,hr,6929,Yea
passage-suspension,117,s,4926,Yea
passage-suspension,117,hr,847,Yea
passage,117,hr,8297,Yea
passage-suspension,117,hr,5914,Yea
passage-suspension,117,s,5168,Yea
passage-suspension,117,hr,7180,Yea
passage-suspension,117,hr,55,Yea
passage-suspension,117,hr,7108,Yea
passage-suspension,117,hr,5274,Yea
passage-suspension,117,hr,7311,Yea
passage-suspension,117,hr,3344,Yea
passage-suspension,117,hr,521,Yea
passage-suspension,117,hr,5577,Yea
passage,117,hr,6833,Yea
passage-suspension,117,s,321,Yea
passage-suspension,117,hr,3588,Yea
passage-suspension,117,hr,5911,Yea
passage-suspension,117,hres,1130,Yea
passage-suspension,117,s,2333,Yea
passage-suspension,117,s,2834,Yea
passage-suspension,117,hr,8351,Yea
passage-suspension,117,hr,5324,Yea
passage-suspension,117,hr,735,Yea
passage-suspension,117,hres,892,Yea
passage-suspension,117,hr,1621,Yea
passage-suspension,117,hr,6386,Yea
passage,117,hr,7946,Yea
passage-suspension,117,hr,6434,Yea
passage,117,hr,7309,Yea
passage-suspension,117,hr,935,Yea
passage-suspension,117,hr,2116,Yea
passage,117,hr,6968,Yea
passage-suspension,117,s,2520,Yea
passage-suspension,117,,,Yea
passage-suspension,117,s,3294,Yea
passage-suspension,117,hr,7081,Yea
passage-suspension,117,hconres,59,Yea
passage,117,hr,8873,Yea
passage,117,hr,7790,Yea
passage,117,hr,1836,Yea
passage,117,hr,6833,Yea
passage-suspension,117,s,3369,Yea
passage-suspension,117,hr,7791,Yea
passage-suspension,117,hr,3630,Yea
passage-suspension,117,hr,8446,Yea
passage-suspension,117,s,2533,Yea
passage,117,hres,868,Yea
passage-suspension,117,hr,5441,Yea
passage,117,hr,6531,Yea
passage-suspension,117,hr,1456,Yea
passage-suspension,117,hr,6961,Yea
passage,117,hr,5118,Yea
passage-suspension,117,hr,6538,Not Voting
passage,117,hr,7910,Yea
passage,117,hres,1339,Yea
passage-suspension,117,hr,5315,Yea
passage,117,hres,1191,Not Voting
passage-suspension,117,s,2102,Yea
passage-suspension,117,hr,6064,Yea
passage,117,hres,1464,Yea
passage,117,hr,5746,Yea
passage,117,hres,1372,Yea
passage-suspension,117,s,2794,Yea
passage-suspension,117,hr,6052,Yea
passage-suspension,117,hr,2250,Yea
passage,117,s,1098,Yea
passage-suspension,117,s,4359,Yea
passage,117,hr,350,Yea
passage,117,hr,8987,Yea
passage,117,hr,2543,Yea
passage-suspension,117,hr,1066,Yea
passage,117,hr,7666,Yea
passage,117,hr,263,Yea
passage,117,hr,5585,Yea
passage,117,hres,1302,Yea
passage-suspension,117,s,4160,Yea
passage,117,hr,2988,Yea
passage-suspension,117,s,442,Yea
passage-suspension,117,hr,6493,Yea
passage-suspension,117,s,3157,Yea
passage-suspension,117,hr,7664,Yea
passage,117,hres,1300,Yea
passage-suspension,117,s,516,Yea
passage-suspension,117,,,Yea
passage-suspension,117,hr,6270,Yea
passage-suspension,117,hr,6604,Yea
passage-suspension,117,s,2687,Yea
passage,117,hr,8542,Yea
passage-suspension,117,s,3115,Not Voting
passage-suspension,117,s,2551,Yea
passage,117,hr,7688,Yea
passage,117,hjres,100,Yea
passage-suspension,117,hr,2521,Yea
passage-suspension,117,s,3470,Yea
passage-suspension,117,hr,7211,Yea
passage-suspension,117,s,3580,Yea
passage-suspension,117,s,3895,Yea
passage-suspension,117,hr,7670,Yea
passage-suspension,117,hr,2020,Yea
passage,117,hr,2773,Yea
passage,117,hres,1170,Yea
passage-suspension,117,s,3823,Yea
passage-suspension,117,hr,8466,Yea
passage-suspension,117,,,Yea
passage,117,hconres,119,Yea
passage-suspension,117,s,958,Yea
passage-suspension,117,hr,6087,Yea
passage-suspension,117,hr,7375,Yea
passage,117,hr,4118,Yea
passage-suspension,117,s,231,Yea
passage,117,hr,5768,Yea
passage-suspension,117,hr,5754,Yea
passage-suspension,117,hr,7535,Yea
passage,117,hres,1017,Yea
passage-suspension,117,s,5230,Yea
passage,117,hres,1518,Yea
passage,117,hr,7691,Yea
passage-suspension,117,hr,7025,Yea
passage,117,hr,8294,Yea
passage-suspension,117,hr,91,Yea
passage-suspension,117,s,2126,Yea
passage-suspension,117,s,1617,Yea
passage,117,hres,1119,Yea
passage,117,hres,973,Yea
passage-suspension,117,s,4834,Yea
passage-suspension,117,hr,92,Yea
passage-suspension,117,hr,5706,Yea
passage-suspension,117,s,989,Yea
passage,117,hres,1033,Yea
passage-suspension,117,hr,7314,Yea
passage-suspension,117,s,5087,Yea
passage-suspension,117,s,566,Yea
passage,117,hres,1037,Yea
passage-suspension,117,hr,2501,Yea
passage,117,hr,6617,Yea
passage-suspension,117,hr,496,Yea
passage-suspension,117,hr,7693,Yea
passage-suspension,117,hr,207,Yea
passage-suspension,117,s,400,Yea
passage,117,hr,2471,Yea
passage,117,hr,8393,Yea
passage,117,hr,903,Yea
passage-suspension,117,s,1226,Yea
passage-suspension,117,hres,1512,Yea
passage-suspension,117,hr,4404,Yea
passage,117,hres,1097,Yea
passage-suspension,117,s,1466,Yea
passage,117,hres,1519,Yea
passage,117,hr,8373,Yea
passage,117,hres,1023,Yea
passage-suspension,117,hr,7372,Yea
passage,117,hr,3076,Yea
passage-suspension,117,hr,1218,Yea
passage,117,hres,912,Yea
passage-suspension,117,s,497,Yea
passage-suspension,117,s,4104,Yea
passage-suspension,117,s,1402,Yea
passage-suspension,117,hr,7276,Yea
passage,117,hr,4521,Yea
passage,117,hr,8,Yea
passage-suspension,117,,,Yea
passage-suspension,117,hr,485,Yea
passage,117,hr,1620,Yea
passage-suspension,117,hr,1443,Yea
passage-suspension,117,hr,3462,Yea
passage,117,hr,1319,Yea
passage,117,hr,3005,Yea
passage,117,hr,3233,Yea
passage-suspension,117,hr,4660,Yea
passage-suspension,117,hr,5720,Yea
passage-suspension,117,hr,1917,Yea
passage-suspension,117,hr,3193,Yea
passage-suspension,117,hr,1651,Yea
passage-suspension,117,hr,4111,Yea
passage-suspension,117,s,578,Yea
passage-suspension,117,hr,941,Yea
passage-suspension,117,hr,2617,Yea
passage,117,hres,380,Yea
passage,117,hconres,11,Yea
passage-suspension,117,hr,1154,Yea
passage,117,hres,409,Yea
passage-suspension,117,hr,1339,Yea
passage-suspension,117,hr,1652,Yea
passage-suspension,117,hr,4352,Yea
passage,117,hr,803,Yea
passage,117,hr,3992,Yea
passage,117,hres,503,Yea
passage-suspension,117,hr,4481,Yea
passage-suspension,117,hr,1085,Yea
passage,117,hres,479,Yea
passage-suspension,117,hr,1799,Yea
passage,117,hres,504,Yea
passage,117,hr,3684,Yea
passage-suspension,117,s,848,Yea
passage-suspension,117,hr,1392,Yea
passage,117,hres,85,Yea
passage,117,hr,335,Yea
passage,117,hr,7,Yea
passage,117,hres,101,Yea
passage-suspension,117,,,Yea
passage-suspension,117,s,164,Yea
passage-suspension,117,hr,2989,Yea
passage,117,hres,41,Yea
passage-suspension,117,hr,4489,Yea
passage-suspension,117,hr,5561,Yea
passage-suspension,117,hr,3531,Yea
passage-suspension,117,hr,5119,Yea
passage-suspension,117,hr,897,Yea
passage-suspension,117,hr,1667,Yea
passage-suspension,117,s,957,Yea
passage,117,hres,555,Yea
passage-suspension,117,,,Yea
passage,117,hres,849,Yea
passage-suspension,117,hr,2074,Yea
passage-suspension,117,hr,5551,Yea
passage-suspension,117,hr,4555,Yea
passage-suspension,117,hr,5487,Yea
passage-suspension,117,hr,4706,Yea
passage,117,hr,4502,Yea
passage-suspension,117,hr,5608,Yea
passage,117,hres,848,Yea
passage,117,hr,2668,Yea
passage,117,hres,1,Yea
passage-suspension,117,s,1910,Yea
passage,117,hres,508,Yea
passage-suspension,117,hr,826,Yea
passage-suspension,117,hr,5705,Yea
passage-suspension,117,s,1828,Yea
passage-suspension,117,s,189,Yea
passage-suspension,117,hr,5961,Yea
passage-suspension,117,hr,4300,Yea
passage-suspension,117,hr,4981,Yea
passage-suspension,117,hr,2497,Yea
passage,117,s,1605,Yea
passage,117,hr,3684,Yea
passage,117,hr,4346,Yea
passage-suspension,117,hr,4250,Yea
passage,117,s,610,Yea
passage,117,hres,838,Yea
passage-suspension,117,s,325,Yea
passage-suspension,117,hr,5982,Yea
passage-suspension,117,hr,1693,Yea
passage-suspension,117,hr,5695,Yea
passage,117,hres,667,Yea
passage,117,hres,330,Yea
passage-suspension,117,hr,1029,Yea
passage,117,hres,730,Yea
passage,117,hr,5305,Yea
passage-suspension,117,hr,1487,Yea
passage-suspension,117,hr,4369,Yea
passage-suspension,117,hr,1002,Yea
passage-suspension,117,hr,2379,Yea
passage-suspension,117,s,796,Yea
passage-suspension,117,hr,3730,Yea
passage,117,hres,179,Yea
passage-suspension,117,hr,4026,Yea
passage,117,hr,2547,Yea
passage-suspension,117,s,1095,Yea
passage-suspension,117,,,Yea
passage,117,sjres,13,Yea
passage-suspension,117,,,Yea
passage,117,hr,1603,Yea
passage-suspension,117,s,108,Yea
passage-suspension,117,hr,2685,Yea
passage-suspension,117,hr,1975,Yea
passage,117,s,475,Yea
passage,117,hr,239,Yea
passage,117,hr,1280,Yea
passage-suspension,117,hr,654,Yea
passage-suspension,117,hr,1899,Yea
passage-suspension,117,hr,1502,Yea
passage-suspension,117,hr,4028,Yea
passage-suspension,117,hr,4611,Yea
passage,117,s,1301,Yea
passage-suspension,117,hr,208,Yea
passage,117,hres,147,Yea
passage-suspension,117,hr,4089,Yea
passage-suspension,117,,,Yea
passage,117,hres,727,Yea
passage-suspension,117,hr,550,Yea
passage,117,sjres,14,Yea
passage-suspension,117,hr,5221,Yea
passage,117,hres,275,Yea
passage-suspension,117,hr,3616,Yea
passage,117,hres,486,Yea
passage,117,hr,1443,Yea
passage,117,hres,198,Yea
passage,117,hres,774,Yea
passage-suspension,117,hr,5574,Yea
passage,117,hres,403,Yea
passage-suspension,117,hr,4233,Yea
passage,117,hres,303,Yea
passage,117,hr,3110,Yea
passage,117,hres,38,Yea
passage,117,hres,21,Yea
passage,117,hr,2119,Yea
passage-suspension,117,hr,1215,Yea
passage-suspension,117,hr,1228,Yea
passage,117,hr,51,Yea
passage-suspension,117,s,1511,Yea
passage-suspension,117,hr,3599,Yea
passage,117,hres,72,Yea
passage-suspension,117,hr,4515,Yea
passage-suspension,117,hr,3325,Yea
passage,117,hr,2662,Yea
passage-suspension,117,hr,567,Yea
passage,117,hjres,17,Yea
passage-suspension,117,s,1064,Yea
passage,117,hr,1319,Yea
passage-suspension,117,,,Yea
passage,117,hres,829,Yea
passage,117,hr,1629,Yea
passage-suspension,117,hr,3709,Yea
passage-suspension,117,hr,4679,Yea
passage-suspension,117,hr,4055,Yea
passage,117,hres,166,Yea
passage-suspension,117,hr,5763,Yea
passage,117,hres,688,Yea
passage-suspension,117,hr,1629,Yea
passage-suspension,117,hr,4686,Yea
passage,117,hres,91,Yea
passage-suspension,117,hr,1204,Yea
passage-suspension,117,hr,1460,Yea
passage-suspension,117,s,1502,Yea
passage-suspension,117,hr,4045,Yea
passage,117,hr,3237,Yea
passage-suspension,117,hr,390,Yea
passage,117,hres,233,Yea
passage,117,hr,1187,Yea
passage-suspension,117,hr,2220,Yea
passage-suspension,117,hres,760,Yea
passage,117,hr,1446,Yea
passage,117,hres,473,Yea
passage,117,hr,842,Yea
passage-suspension,117,hr,239,Yea
passage-suspension,117,hr,4531,Yea
passage,117,hr,6119,Yea
passage,117,sjres,33,Yea
passage-suspension,117,hr,1664,Yea
passage,117,hr,3985,Yea
passage,117,hres,8,Yea
passage,117,hres,535,Yea
passage,117,hres,851,Yea
passage,117,hr,5314,Yea
passage-suspension,117,hres,317,Yea
passage-suspension,117,hres,837,Yea
passage-suspension,117,hr,3894,Yea
passage-suspension,117,hr,2355,Yea
passage,117,hr,2467,Yea
passage-suspension,117,hr,22,Yea
passage,117,hres,852,Yea
passage,117,hr,5665,Yea
passage-suspension,117,hr,2365,Yea
passage-suspension,117,hr,5323,Yea
passage-suspension,117,hr,2364,Yea
passage-suspension,117,hr,3743,Yea
passage-suspension,117,hr,1155,Yea
passage-suspension,117,hr,3537,Yea
passage,117,hr,4373,Yea
passage-suspension,117,hr,5290,Yea
passage,117,hr,3755,Yea
passage-suspension,117,hr,5293,Yea
passage-suspension,117,hr,5677,Yea
passage-suspension,117,hr,3237,Yea
passage-suspension,117,hr,4996,Yea
passage-suspension,117,hr,2930,Yea
passage-suspension,117,s,272,Yea
passage-suspension,117,hr,2278,Yea
passage-suspension,117,hr,4616,Yea
passage,117,hres,601,Yea
passage,117,hr,4350,Yea
passage-suspension,117,hr,5679,Yea
passage,117,hr,5305,Yea
passage-suspension,117,hr,5609,Yea
passage,117,hr,4,Yea
passage,117,hres,567,Yea
passage-suspension,117,hr,172,Yea
passage-suspension,117,hr,2877,Nay
passage-suspension,117,hr,3469,Yea
passage-suspension,117,s,937,Yea
passage,117,hres,803,Yea
passage-suspension,117,hr,1374,Yea
passage-suspension,117,hres,134,Yea
passage-suspension,117,hr,2758,Yea
passage-suspension,117,hr,3593,Yea
passage,117,hres,789,Yea
passage,117,hr,2062,Yea
passage,117,hres,188,Yea
passage-suspension,117,hr,4881,Yea
passage-suspension,117,hr,983,Yea
passage-suspension,117,hr,1996,Yea
passage-suspension,117,hr,3533,Yea
passage,117,hres,716,Yea
passage,117,hr,1333,Yea
passage-suspension,117,hr,1192,Yea
passage,117,hr,1195,Yea
passage-suspension,117,hr,3919,Yea
passage-suspension,117,hr,1762,Yea
passage-suspension,117,hr,1490,Yea
passage-suspension,117,hr,4032,Yea
passage,117,hr,5,Yea
passage,117,hr,1573,Yea
passage,117,hres,795,Yea
passage,117,hr,6,Yea
passage-suspension,117,hr,2088,Yea
passage,117,sjres,15,Yea
passage-suspension,117,hr,2225,Yea
passage,117,hr,1,Yea
passage-suspension,117,hr,1619,Yea
passage,117,hr,256,Yea
passage,117,hr,1868,Yea
passage-suspension,117,hr,4256,Yea
passage-suspension,117,hr,147,Yea
passage-suspension,117,hr,2911,Yea
passage-suspension,117,hr,1868,Yea
passage-suspension,117,hr,391,Not Voting
passage,117,hr,1065,Yea
passage,117,hr,5376,Yea
passage-suspension,117,hr,4067,Yea
passage-suspension,117,hr,446,Yea
passage-suspension,117,hr,3635,Yea
passage-suspension,117,hr,546,Yea
passage-suspension,117,hr,1482,Yea
passage-suspension,117,hr,5434,Yea
passage-suspension,117,hres,130,Yea
passage,117,hr,447,Yea
passage,118,hr,2925,Nay
passage-suspension,118,hr,7521,Yea
passage-suspension,118,s,546,Yea
passage-suspension,118,hr,4755,Not Voting
passage-suspension,118,hres,966,Yea
passage-suspension,118,hr,4866,Not Voting
passage-suspension,118,hres,149,Yea
passage,118,hr,6679,Yea
passage,118,hr,4691,Nay
passage,118,hr,6918,Nay
passage,118,hr,8771,Nay
passage,118,hjres,98,Nay
passage-suspension,118,hr,3250,Yea
passage,118,hr,6914,Nay
passage,118,hr,4639,Yea
passage-suspension,118,s,3427,Not Voting
passage-suspension,118,hr,5826,Yea
passage,118,hr,8034,Yea
passage,118,hr,529,Yea
passage-suspension,118,hr,7659,Yea
passage-suspension,118,hr,4723,Yea
passage-suspension,118,hr,886,Yea
passage-suspension,118,hr,6603,Yea
passage-suspension,118,hr,5528,Not Voting
passage,118,hr,6678,Nay
passage,118,hr,6046,Nay
passage,118,hres,969,Nay
passage,118,hr,8752,Nay
passage,118,hr,5947,Nay
passage-suspension,118,hr,2754,Yea
passage-suspension,118,s,2051,Yea
passage-suspension,118,hr,6543,Yea
passage,118,hres,1316,Nay
passage,118,hr,8146,Nay
passage-suspension,118,hr,3950,Yea
passage-suspension,118,hr,2789,Not Voting
passage-suspension,118,hr,2964,Yea
passage,118,hr,8580,Nay
passage,118,hr,354,Nay
passage-suspension,118,hr,4581,Yea
passage-suspension,118,hr,3935,Yea
passage-suspension,118,hr,1797,Yea
passage-suspension,118,hr,6960,Yea
passage,118,hr,7530,Nay
passage-suspension,118,hr,4310,Yea
passage-suspension,118,s,138,Not Voting
passage-suspension,118,hr,443,Yea
passage-suspension,118,hr,5921,Nay
passage-suspension,118,hr,3354,Yea
passage,118,hr,8036,Yea
passage-suspension,118,hr,4984,Nay
passage,118,hres,1143,Yea
passage-suspension,118,hr,7463,Yea
passage-suspension,118,hr,3843,Yea
passage-suspension,118,hr,7219,Not Voting
passage,118,hr,1121,Nay
passage,118,hr,6192,Nay
passage-suspension,118,hr,3391,Yea
passage-suspension,118,hr,5923,Yea
passage-suspension,118,hr,2882,Yea
veto-override,118,hjres,98,Nay
passage-suspension,118,hr,3838,Yea
passage,118,hr,3195,Nay
passage,118,hr,6009,Nay
passage,118,hr,7700,Nay
passage-suspension,118,hr,7454,Yea
passage,118,hres,1112,Nay
passage,118,hr,7511,Nay
passage,118,hr,6323,Nay
passage-suspension,118,hr,2766,Yea
passage-suspension,118,hr,7525,Not Voting
passage-suspension,118,hr,7102,Yea
passage,118,hr,8774,Nay
passage,118,hres,957,Nay
passage-suspension,118,s,3250,Yea
passage-suspension,118,hr,897,Yea
passage-suspension,118,hr,3033,Yea
passage,118,hr,5585,Nay
passage,118,hres,1344,Nay
passage,118,hres,1065,Nay
passage-suspension,118,hr,1767,Yea
passage-suspension,118,hr,4143,Yea
passage,118,hjres,165,Nay
passage-suspension,118,hr,3202,Yea
passage-suspension,118,hr,3738,Yea
passage-suspension,118,hr,4877,Yea
passage-suspension,118,hres,883,Yea
passage-suspension,118,hres,288,Yea
passage-suspension,118,hr,6655,Yea
passage-suspension,118,hr,5441,Yea
passage-suspension,118,hr,2872,Yea
passage-suspension,118,hr,5862,Yea
passage-suspension,118,hres,1102,Yea
passage-suspension,118,hr,4824,Yea
passage-suspension,118,hr,1752,Yea
passage,118,hr,8035,Yea
passage-suspension,118,hr,5856,Yea
veto-override,118,hjres,109,Nay
passage,118,hr,615,Nay
passage,118,hr,7109,Nay
passage-suspension,118,hr,6093,Yea
passage-suspension,118,s,870,Yea
passage-suspension,118,hr,4016,Yea
passage,118,hr,8772,Nay
passage-suspension,118,hr,3019,Yea
passage,118,hres,1213,Not Voting
passage,118,sjres,38,Nay
passage-suspension,118,hr,6571,Yea
passage,118,hr,8282,Nay
passage-suspension,118,hres,901,Not Voting
passage,118,hr,8369,Nay
passage-suspension,118,hr,839,Yea
passage-suspension,118,hr,6572,Yea
passage-suspension,118,hr,5863,Yea
passage,118,hr,788,Nay
passage-suspension,118,hr,7152,Not Voting
passage,118,hr,7581,Nay
passage,118,hr,7343,Nay
passage,118,hres,1287,Not Voting
passage,118,hres,1292,Nay
passage-suspension,118,hr,6983,Not Voting
passage-suspension,118,hres,1215,Yea
passage-suspension,118,hr,4510,Yea
passage,118,hres,1210,Nay
passage,118,hjres,109,Nay
passage,118,hr,7176,Nay
passage,118,hres,1160,Yea
passage,118,hr,8038,Yea
passage-suspension,118,hr,6544,Yea
passage,118,hconres,86,Nay
passage,118,hr,7637,Nay
passage-suspension,118,hr,8289,Yea
passage-suspension,118,hres,1061,Yea
passage-suspension,118,hr,7024,Yea
passage-suspension,118,hr,6015,Yea
passage-suspension,118,hr,2560,Yea
passage-suspension,118,hr,4681,Yea
passage-suspension,118,hr,7520,Yea
passage,118,hres,1194,Not Voting
passage-suspension,118,hr,3821,Yea
passage-suspension,118,hr,7423,Yea
passage,118,hr,6090,Yea
passage,118,hres,987,Nay
passage-suspension,118,hr,5375,Yea
passage-suspension,118,hr,1836,Yea
passage-suspension,118,hr,3602,Nay
passage-suspension,118,hr,533,Yea
passage-suspension,118,hr,5917,Yea
passage-suspension,118,hr,7217,Nay
passage-suspension,118,s,382,Yea
passage-suspension,118,hr,1727,Yea
passage-suspension,118,hr,6245,Yea
passage-suspension,118,hr,6408,Yea
passage,118,hr,6976,Nay
passage-suspension,118,hconres,25,Yea
passage-suspension,118,hr,4470,Yea
passage-suspension,118,hr,3981,Yea
passage,118,hjres,88,Nay
passage,118,hr,4821,Nay
passage,118,hr,4364,Nay
passage-suspension,118,hr,302,Not Voting
passage,118,hjres,74,Nay
passage,118,hr,382,Nay
passage,118,hres,773,Yea
passage,118,hres,97,Not Voting
passage-suspension,118,hr,1607,Yea
passage,118,hconres,21,Nay
passage,118,hres,11,Yea
passage-suspension,118,hr,663,Yea
passage,118,hr,2811,Nay
passage-suspension,118,s,475,Yea
passage,118,hr,4468,Nay
passage-suspension,118,hr,1353,Yea
passage,118,hr,4368,Nay
passage-suspension,118,hr,1154,Yea
passage-suspension,118,hr,1107,Yea
passage,118,hr,4665,Nay
passage-suspension,118,hr,3774,Nay
passage,118,hres,12,Nay
passage-suspension,118,hr,753,Yea
passage,118,hjres,68,Nay
passage,118,hr,26,Nay
passage,118,hjres,70,Nay
passage,118,hconres,9,Nay
passage-suspension,118,hr,2812,Yea
passage,118,hres,845,Nay
passage,118,hres,456,Yea
veto-override,118,hjres,45,Nay
passage,118,hres,521,Nay
passage-suspension,118,hr,1734,Yea
passage-suspension,118,hres,793,Yea
passage,118,hr,288,Nay
passage,118,hr,3799,Nay
passage-suspension,118,hr,2796,Yea
passage-suspension,118,hr,3089,Yea
passage-suspension,118,hres,888,Yea
passage-suspension,118,hres,363,Yea
passage-suspension,118,hres,894,Yea
passage-suspension,118,hr,2792,Yea
passage,118,sjres,32,Nay
passage-suspension,118,hr,1339,Yea
passage,118,hr,2,Nay
passage,118,hr,277,Nay
passage-suspension,118,hr,1096,Yea
veto-override,118,hjres,42,Nay
passage,118,hr,467,Nay
passage,118,hconres,30,Not Voting
passage,118,hres,878,Yea
passage-suspension,118,hr,542,Yea
passage-suspension,118,hr,2795,Yea
passage,118,hjres,44,Nay
passage,118,hr,1615,Nay
passage-suspension,118,hr,1548,Yea
passage-suspension,118,hr,359,Yea
passage,118,hjres,30,Nay
passage-suspension,118,hr,346,Yea
passage-suspension,118,s,111,Yea
passage-suspension,118,hr,300,Yea
passage-suspension,118,hres,798,Yea
passage,118,hr,4366,Nay
passage-suspension,118,hr,3324,Not Voting
passage,118,hr,140,Nay
passage-suspension,118,hr,406,Yea
passage-suspension,118,hr,1151,Yea
passage-suspension,118,hres,927,Nay
passage-suspension,118,hr,5860,Yea
passage,118,hr,21,Nay
passage-suspension,118,hr,500,Yea
passage-suspension,118,hr,2379,Yea
passage-suspension,118,hres,240,Yea
passage,118,hr,6126,Nay
passage-suspension,118,hr,159,Yea
passage-suspension,118,hr,400,Yea
passage,118,hr,2670,Nay
passage,118,hr,1147,Nay
passage-suspension,118,hr,4502,Yea
veto-override,118,hjres,30,Nay
passage,118,hr,1,Nay
passage-suspension,118,hr,1567,Not Voting
passage,118,sjres,9,Nay
passage,118,hr,4394,Nay
passage,118,hr,139,Nay
passage-suspension,118,hres,559,Yea
passage,118,hjres,71,Nay
passage,118,hjres,7,Nay
passage-suspension,118,hr,1226,Yea
passage-suspension,118,hconres,57,Yea
passage,118,hr,23,Nay
passage,118,hr,4367,Nay
passage-suspension,118,hr,5378,Not Voting
passage,118,hr,734,Nay
passage,118,hr,4365,Nay
passage,118,hres,914,Nay
passage-suspension,118,hr,1338,Nay
passage,118,hr,5933,Nay
passage,118,hr,1435,Nay
passage-suspension,118,hr,1123,Yea
passage,118,hres,5,Nay
passage-suspension,118,hr,340,Yea
passage,118,hres,76,Nay
passage,118,hjres,79,Nay
passage-suspension,118,hr,813,Yea
passage,118,hres,838,Not Voting
passage,118,hr,3935,Yea
passage-suspension,118,hr,3224,Not Voting
passage,118,hr,5692,Yea
passage-suspension,118,hres,90,Yea
passage-suspension,118,hres,311,Yea
passage-suspension,118,s,112,Yea
passage-suspension,118,hr,6503,Not Voting
passage-suspension,118,hr,593,Yea
passage-suspension,118,hr,1105,Yea
passage-suspension,118,hr,1156,Yea
passage-suspension,118,hres,382,Yea
passage,118,hr,3564,Nay
passage-suspension,118,hr,2793,Yea
passage-suspension,118,hr,3672,Yea
passage-suspension,118,hr,1076,Yea
passage,118,hr,5961,Yea
passage-suspension,118,hr,1606,Yea
passage,118,hres,461,Nay
passage-suspension,118,hr,2797,Yea
passage,118,hr,1640,Not Voting
passage-suspension,118,hr,1530,Yea
passage-suspension,118,hr,676,Yea
passage-suspension,118,hr,6363,Yea
passage-suspension,118,hr,1715,Yea
passage-suspension,118,hr,1547,Yea
passage,118,sjres,11,Nay
passage-suspension,118,hr,1669,Yea
passage-suspension,118,hr,3099,Yea
passage-suspension,118,hr,5110,Yea
passage,118,hjres,45,Nay
veto-override,118,hjres,39,Nay
passage-suspension,118,hr,3848,Yea
passage,118,hjres,39,Not Voting
passage-suspension,118,hr,1149,Yea
passage,118,hres,757,Yea
passage-suspension,118,hr,589,Yea
passage,118,hjres,27,Nay
passage-suspension,118,hr,5524,Yea
passage-suspension,118,hr,5119,Yea
passage-suspension,118,hr,1159,Yea
passage-suspension,118,hr,3152,Yea
passage-suspension,118,hres,771,Yea
veto-override,118,hjres,27,Nay
passage,118,hconres,3,Nay
passage-suspension,118,hres,132,Yea
passage,118,hjres,24,Nay
passage,118,hr,185,Nay
passage-suspension,118,hr,2670,Yea
passage,118,hr,5525,Nay
passage,118,hr,3941,Nay
passage-suspension,118,hr,2365,Yea
passage,118,sjres,24,Nay
passage-suspension,118,s,788,Yea
passage-suspension,118,hr,1093,Yea
passage,118,hjres,42,Nay
passage,118,s,619,Yea
passage-suspension,118,hr,4531,Yea
passage-suspension,118,hres,492,Yea
passage-suspension,118,hres,104,Yea
passage-suspension,118,hconres,7,Yea
passage,118,hjres,26,Nay
passage-suspension,118,hr,538,Yea
passage,118,hr,22,Yea
