Category:,Congress,Bill Type,Bill Number,Vote Position
passage-suspension,115,hr,244,Yea
passage,115,hjres,41,Yea
passage-suspension,115,hr,654,Yea
passage,115,hres,538,Yea
passage,115,hr,4015,Yea
passage-suspension,115,hr,3823,Yea
passage-suspension,115,hr,3243,Yea
passage-suspension,115,hr,699,Yea
passage-suspension,115,hr,1698,Yea
passage-suspension,115,hr,3903,Yea
passage,115,hr,1301,Yea
passage,115,hres,454,Yea
passage,115,hr,5,Yea
passage-suspension,115,hr,2061,Yea
passage,115,hjres,38,Yea
passage-suspension,115,hr,974,Yea
passage-suspension,115,hr,337,Yea
passage-suspension,115,hr,2521,Yea
passage,115,hres,11,Yea
passage,115,hres,180,Yea
passage-suspension,115,hr,452,Yea
passage,115,hr,2201,Yea
passage-suspension,115,hr,2052,Not Voting
passage-suspension,115,hr,1842,Yea
passage-suspension,115,hr,876,Yea
passage-suspension,115,hr,2658,Yea
passage,115,hr,3017,Yea
passage,115,hr,2396,Yea
passage-suspension,115,hr,3911,Yea
passage,115,hr,1973,Yea
passage,115,hres,352,Yea
passage,115,hr,244,Yea
passage-suspension,115,hr,3071,Yea
passage,115,hres,599,Yea
passage-suspension,115,hr,467,Yea
passage,115,hr,4324,Yea
passage,115,hjres,123,Yea
passage,115,hr,601,Not Voting
passage-suspension,115,hres,187,Yea
passage-suspension,115,hr,1312,Yea
passage-suspension,115,hr,4254,Yea
passage-suspension,115,hconres,90,Yea
passage,115,hjres,99,Yea
passage,115,hr,1,Yea
passage-suspension,115,hres,92,Yea
passage-suspension,115,hr,3731,Yea
passage-suspension,115,s,496,Yea
passage,115,hres,504,Yea
passage,115,hres,600,Yea
passage,115,hr,115,Yea
passage,115,hres,375,Yea
passage-suspension,115,hr,3115,Yea
passage-suspension,115,hr,1177,Yea
passage,115,hr,3922,Yea
passage,115,hr,2874,Yea
passage,115,hr,2910,Yea
passage-suspension,115,hr,1066,Yea
passage,115,hr,1,Yea
passage-suspension,115,hr,910,Yea
passage,115,hres,668,Yea
passage-suspension,115,hr,657,Yea
passage,115,hr,10,Yea
passage-suspension,115,hr,2672,Yea
passage-suspension,115,hr,2825,Yea
passage,115,hr,2810,Yea
passage,115,hr,2192,Yea
passage-suspension,115,hr,2768,Yea
passage,115,hr,3219,Yea
passage-suspension,115,hr,3562,Yea
passage-suspension,115,hres,311,Yea
passage-suspension,115,hr,39,Yea
passage-suspension,115,hr,497,Yea
passage,115,hres,548,Yea
passage-suspension,115,s,1532,Yea
passage-suspension,115,hjres,92,Yea
passage,115,sconres,3,Yea
passage-suspension,115,hr,538,Yea
passage-suspension,115,hr,1397,Yea
passage,115,hr,3003,Yea
passage,115,hres,123,Yea
passage-suspension,115,hr,423,Yea
passage-suspension,115,s,504,Yea
passage-suspension,115,hr,2866,Yea
passage-suspension,115,hres,397,Yea
passage-suspension,115,hr,582,Yea
passage,115,hr,1367,Yea
passage,115,hjres,67,Yea
passage,115,hr,428,Yea
passage-suspension,115,hr,374,Yea
passage-suspension,115,hr,1353,Yea
passage-suspension,115,hjres,76,Yea
passage-suspension,115,hr,1858,Yea
passage-suspension,115,hr,2847,Yea
passage-suspension,115,hr,3551,Yea
passage-suspension,115,hr,2292,Yea
passage-suspension,115,hr,1500,Yea
passage,115,s,1094,Yea
passage-suspension,115,hr,304,Yea
passage,115,hjres,58,Yea
passage-suspension,115,hr,1117,Yea
passage,115,hr,1370,Yea
passage,115,hr,2883,Yea
passage-suspension,115,hr,132,Yea
passage-suspension,115,s,1393,Yea
passage,115,hjres,36,Yea
passage-suspension,115,hr,315,Yea
passage-suspension,115,s,782,Yea
passage,115,hres,174,Not Voting
passage-suspension,115,hr,2457,Yea
passage,115,hconres,71,Yea
passage,115,hr,2579,Yea
passage-suspension,115,hr,2464,Yea
passage-suspension,115,hr,220,Yea
passage-suspension,115,hr,863,Yea
passage-suspension,115,hres,569,Yea
passage-suspension,115,hr,1159,Yea
passage-suspension,115,hr,689,Yea
passage,115,hr,1181,Yea
passage,115,hjres,44,Yea
passage,115,hjres,57,Yea
passage-suspension,115,hr,648,Yea
passage,115,hr,4667,Yea
passage,115,hr,1304,Yea
passage,115,hres,5,Yea
passage-suspension,115,hr,2611,Yea
passage,115,hr,1695,Yea
passage,115,hr,3971,Yea
passage-suspension,115,hr,2706,Yea
passage-suspension,115,hr,2864,Yea
passage,115,hr,1343,Yea
passage-suspension,115,hr,4375,Yea
passage-suspension,115,hr,1679,Yea
passage-suspension,115,hr,3705,Yea
passage-suspension,115,hr,3364,Yea
passage-suspension,115,hres,355,Yea
passage,115,hres,609,Yea
passage-suspension,115,hr,2288,Yea
passage-suspension,115,hr,3979,Yea
passage-suspension,115,hres,502,Yea
passage-suspension,115,hr,1730,Yea
passage-suspension,115,hr,479,Yea
passage,115,hr,1638,Yea
passage,115,hr,1219,Yea
passage,115,hres,635,Yea
passage-suspension,115,hres,354,Yea
passage,115,hres,616,Yea
passage-suspension,115,hr,4173,Yea
passage-suspension,115,s,114,Yea
passage,115,hr,3180,Yea
passage-suspension,115,hr,1892,Yea
passage-suspension,115,hr,3110,Yea
passage-suspension,115,hr,2331,Yea
passage,115,hr,218,Yea
passage,115,hr,1039,Yea
passage-suspension,115,hr,1644,Yea
passage-suspension,115,hr,4323,Yea
passage-suspension,115,hres,259,Yea
passage,115,hr,3312,Yea
passage-suspension,115,hr,3317,Yea
passage,115,hr,477,Yea
passage,115,hres,289,Yea
passage-suspension,115,hr,1862,Yea
passage,115,s,114,Yea
passage-suspension,115,hr,3180,Yea
passage-suspension,115,hr,3821,Yea
passage-suspension,115,hr,1616,Yea
passage,115,hres,601,Yea
passage-suspension,115,hr,3218,Yea
passage,115,hr,849,Yea
passage,115,hres,481,Yea
passage,115,hr,1694,Yea
passage-suspension,115,s,1536,Yea
passage-suspension,115,s,1266,Yea
passage,115,hres,647,Yea
passage,115,sjres,34,Yea
passage,115,hr,1,Yea
passage-suspension,115,hr,2786,Yea
passage,115,hr,3354,Yea
passage-suspension,115,hr,1294,Yea
passage,115,hjres,42,Yea
passage,115,hr,3697,Yea
passage-suspension,115,hr,1238,Yea
passage-suspension,115,hr,2210,Yea
passage-suspension,115,hr,1719,Yea
passage-suspension,115,hr,1249,Yea
passage-suspension,115,hr,1547,Yea
passage,115,hr,1009,Yea
passage-suspension,115,hr,1362,Yea
passage,115,hr,2792,Yea
passage-suspension,115,hr,2547,Yea
passage-suspension,115,hr,3898,Yea
passage-suspension,115,hr,2258,Yea
passage-suspension,115,hr,1252,Yea
passage-suspension,115,hr,1297,Yea
passage-suspension,115,hr,3284,Yea
passage,115,hjres,66,Yea
passage-suspension,115,hr,1492,Yea
passage,115,hr,238,Yea
passage,115,hjres,69,Yea
passage-suspension,115,hr,2142,Yea
passage,115,hr,2842,Yea
passage,115,hr,3823,Yea
passage,115,hconres,71,Yea
passage-suspension,115,hr,965,Yea
passage,115,hr,79,Yea
passage-suspension,115,hres,129,Yea
passage-suspension,115,hr,1222,Yea
passage,115,hr,4,Yea
passage-suspension,115,hr,5447,Yea
passage-suspension,115,hr,2345,Yea
passage,115,hr,195,Yea
passage-suspension,115,hr,3186,Yea
passage,115,hr,3144,Yea
passage,115,hres,696,Yea
passage-suspension,115,hjres,2,Yea
passage-suspension,115,hr,4578,Yea
passage-suspension,115,hr,4989,Yea
passage-suspension,115,s,117,Yea
passage-suspension,115,hr,4203,Yea
passage,115,hres,708,Yea
passage-suspension,115,hr,5923,Yea
passage,115,hr,4296,Yea
passage,115,hr,6691,Yea
passage-suspension,115,s,534,Yea
passage-suspension,115,hr,4881,Yea
passage,115,hr,620,Yea
passage-suspension,115,s,3628,Yea
passage-suspension,115,hr,3542,Yea
passage-suspension,115,hr,2219,Yea
passage-suspension,115,hr,4318,Yea
passage,115,hr,1116,Yea
passage,115,hr,4293,Yea
passage-suspension,115,s,488,Yea
passage,115,hr,4790,Yea
passage-suspension,115,hr,3030,Yea
passage-suspension,115,hr,4909,Yea
passage,115,s,139,Yea
passage-suspension,115,hr,2615,Yea
passage-suspension,115,hr,7217,Yea
passage-suspension,115,hr,5273,Yea
passage,115,hr,2,Yea
passage-suspension,115,hres,792,Yea
passage-suspension,115,hr,5676,Yea
passage-suspension,115,hr,5787,Yea
passage-suspension,115,s,3661,Yea
passage-suspension,115,hres,676,Yea
passage,115,hr,695,Yea
passage-suspension,115,hr,7318,Yea
passage-suspension,115,s,3031,Yea
passage-suspension,115,s,1023,Yea
passage-suspension,115,hr,5682,Yea
passage-suspension,115,hr,3008,Yea
passage,115,hres,1142,Yea
passage,115,hr,5797,Yea
passage-suspension,115,hr,6064,Yea
passage-suspension,115,s,3029,Yea
passage,115,hr,6757,Yea
passage,115,hr,6082,Yea
passage-suspension,115,s,1158,Yea
passage-suspension,115,s,2276,Yea
passage-suspension,115,hr,4581,Yea
passage-suspension,115,hres,1063,Yea
passage-suspension,115,hr,4564,Yea
passage-suspension,115,hr,2200,Yea
passage-suspension,115,hr,4830,Yea
passage-suspension,115,hr,7093,Yea
passage-suspension,115,hr,4227,Yea
passage-suspension,115,s,1934,Yea
passage-suspension,115,s,7,Yea
passage-suspension,115,hr,3832,Yea
passage-suspension,115,hr,5005,Yea
passage-suspension,115,s,512,Yea
passage-suspension,115,s,2765,Yea
passage,115,hr,5788,Yea
passage,115,hr,2,Yea
passage,115,hr,6157,Yea
passage-suspension,115,s,3247,Yea
passage-suspension,115,s,3777,Not Voting
passage-suspension,115,hr,5509,Yea
passage-suspension,115,s,2200,Yea
passage-suspension,115,hr,6287,Yea
passage-suspension,115,hr,4451,Yea
passage-suspension,115,s,2652,Yea
passage-suspension,115,hr,5075,Yea
passage,115,hr,3249,Yea
passage-suspension,115,hr,5890,Yea
passage-suspension,115,hres,1091,Yea
passage-suspension,115,hr,5783,Yea
passage-suspension,115,hr,5891,Yea
passage-suspension,115,hr,1660,Yea
passage-suspension,115,hr,4946,Yea
passage,115,hr,195,Yea
passage-suspension,115,hr,835,Yea
passage,115,hr,4545,Yea
passage-suspension,115,hr,5864,Yea
passage,115,hr,5444,Not Voting
passage,115,hr,772,Yea
passage-suspension,115,hr,4547,Yea
passage-suspension,115,s,167,Yea
passage-suspension,115,s,1182,Yea
passage-suspension,115,hconres,111,Not Voting
passage-suspension,115,hres,285,Yea
passage,115,hr,5645,Yea
passage-suspension,115,hr,4406,Yea
passage,115,hr,1892,Yea
passage,115,hr,200,Yea
passage,115,hr,6237,Yea
passage,115,hr,2954,Yea
passage-suspension,115,hr,4227,Yea
passage-suspension,115,hr,3851,Yea
passage,115,sjres,57,Yea
passage,115,hr,4607,Yea
passage-suspension,115,hr,5086,Not Voting
passage,115,hres,727,Yea
passage-suspension,115,hr,3183,Yea
passage-suspension,115,hr,4854,Yea
passage,115,hr,4771,Yea
passage,115,hr,184,Yea
passage-suspension,115,hr,146,Yea
passage-suspension,115,hr,4292,Yea
passage,115,hres,734,Yea
passage-suspension,115,hr,6439,Yea
passage-suspension,115,hr,2905,Not Voting
passage-suspension,115,hr,4465,Yea
passage-suspension,115,hr,4258,Yea
passage-suspension,115,hr,1037,Yea
passage,115,hr,4061,Yea
passage-suspension,115,hr,4279,Yea
passage-suspension,115,hr,4744,Yea
passage-suspension,115,hr,4979,Yea
passage-suspension,115,hr,1911,Yea
passage-suspension,115,hr,2422,Yea
passage,115,hr,695,Yea
passage-suspension,115,hr,4689,Yea
passage,115,hr,6147,Yea
passage-suspension,115,hr,4335,Yea
passage,115,hr,3299,Yea
passage,115,hres,970,Yea
passage-suspension,115,hres,990,Yea
passage-suspension,115,hr,4567,Yea
passage-suspension,115,hr,4960,Yea
passage-suspension,115,hr,5247,Yea
passage-suspension,115,hr,1457,Yea
passage,115,hconres,119,Yea
passage,115,hres,1059,Yea
passage-suspension,115,hr,4910,Yea
passage,115,hr,3978,Yea
passage-suspension,115,hr,4533,Yea
passage,115,hr,5895,Yea
passage-suspension,115,hr,7328,Yea
passage-suspension,115,hr,7319,Yea
passage-suspension,115,s,3191,Yea
passage-suspension,115,s,3277,Yea
passage,115,hres,682,Yea
passage-suspension,115,s,3367,Yea
passage,115,hres,1181,Yea
passage,115,s,2155,Yea
passage,115,hr,6760,Yea
passage-suspension,115,hr,299,Yea
passage-suspension,115,hr,6207,Yea
passage-suspension,115,hr,7293,Yea
passage,115,hres,1180,Yea
passage,115,hr,88,Yea
passage-suspension,115,hr,4174,Yea
passage-suspension,115,s,756,Yea
passage-suspension,115,hconres,149,Yea
passage-suspension,115,hr,7329,Yea
passage,115,hres,1160,Yea
passage-suspension,115,hr,7187,Yea
passage,115,hr,6756,Yea
passage-suspension,115,hres,1099,Yea
passage,115,hr,3,Yea
passage,115,hr,6,Yea
passage-suspension,115,hr,6729,Yea
passage-suspension,115,hr,5841,Yea
passage-suspension,115,hr,6615,Not Voting
passage-suspension,115,hr,5041,Yea
passage-suspension,115,s,825,Yea
passage,115,hr,5735,Yea
passage-suspension,115,s,2278,Yea
passage,115,hres,1071,Yea
passage-suspension,115,hr,6369,Yea
passage,115,hr,5895,Yea
passage-suspension,115,hr,7227,Yea
passage-suspension,115,s,2896,Yea
passage-suspension,115,hconres,148,Yea
passage-suspension,115,hr,6418,Not Voting
passage-suspension,115,hr,2991,Yea
passage-suspension,115,s,1580,Yea
passage-suspension,115,hr,7388,Yea
passage-suspension,115,s,2322,Yea
passage-suspension,115,hr,5687,Yea
passage-suspension,115,hr,6368,Yea
passage-suspension,115,s,2076,Yea
passage-suspension,115,hr,5327,Yea
passage-suspension,115,hr,4294,Yea
passage-suspension,115,hr,1222,Yea
passage,115,hr,2083,Yea
passage-suspension,115,hr,767,Yea
passage-suspension,115,s,3456,Yea
passage-suspension,115,s,1862,Yea
passage-suspension,115,s,3444,Not Voting
passage-suspension,115,hr,5655,Yea
passage,115,hr,2,Yea
passage-suspension,115,s,2961,Yea
passage-suspension,115,s,2679,Yea
passage,115,hr,5192,Yea
passage,115,hr,5445,Yea
passage,115,hr,6199,Yea
passage-suspension,115,s,35,Yea
passage,115,hr,5515,Yea
passage,115,hr,1153,Yea
passage,115,hres,694,Yea
passage-suspension,115,hr,5749,Yea
passage,115,hr,1625,Yea
passage-suspension,115,hr,4851,Yea
passage-suspension,115,hr,5089,Yea
passage,115,hr,2152,Yea
passage-suspension,115,hr,613,Yea
passage,115,hr,5698,Yea
passage,115,hr,1635,Yea
passage-suspension,115,hr,4467,Yea
passage,115,hr,4263,Yea
passage,115,hr,4712,Yea
passage-suspension,115,hr,5131,Yea
passage-suspension,115,hr,5793,Yea
passage,115,hr,4566,Yea
passage,115,hr,6157,Yea
passage,116,hres,445,Nay
passage,116,hres,509,Nay
passage,116,hres,131,Nay
passage-suspension,116,hr,1759,Yea
passage-suspension,116,hr,676,Yea
passage,116,hres,564,Nay
passage-suspension,116,hr,539,Yea
passage-suspension,116,s,24,Yea
passage-suspension,116,hr,1590,Yea
passage,116,hres,28,Nay
passage,116,hr,2181,Nay
passage,116,hres,172,Nay
passage,116,hr,1815,Nay
passage,116,hres,656,Nay
passage,116,hr,3525,Nay
passage,116,hr,264,Nay
passage,116,hres,252,Nay
passage-suspension,116,hjres,30,Nay
passage-suspension,116,hr,276,Yea
passage,116,hres,519,Nay
passage-suspension,116,hr,328,Yea
passage,116,hr,2740,Nay
passage,116,hjres,31,Nay
passage,116,hr,4378,Yea
passage,116,hres,357,Nay
passage-suspension,116,hr,3722,Yea
passage-suspension,116,hr,226,Yea
passage-suspension,116,hres,183,Yea
passage,116,hr,266,Nay
passage,116,sjres,54,Nay
passage-suspension,116,hr,1593,Yea
passage,116,hres,296,Yea
passage,116,hr,21,Nay
passage-suspension,116,hr,3253,Yea
passage-suspension,116,hr,221,Yea
passage,116,hres,431,Nay
passage,116,hres,462,Nay
passage-suspension,116,hr,3702,Nay
passage-suspension,116,hr,1921,Yea
passage-suspension,116,hr,499,Yea
passage-suspension,116,hr,2609,Yea
passage,116,hres,466,Yea
passage-suspension,116,hr,3734,Yea
passage,116,sjres,36,Nay
passage-suspension,116,hr,2744,Yea
passage-suspension,116,s,151,Yea
passage,116,sjres,38,Nay
passage-suspension,116,hr,4183,Yea
passage,116,hr,2534,Yea
passage,116,hr,3,Nay
passage-suspension,116,hr,3537,Yea
passage,116,hres,430,Nay
passage,116,hres,497,Nay
passage,116,hres,765,Nay
passage,116,hres,739,Nay
passage-suspension,116,hr,1327,Yea
passage,116,sjres,37,Nay
passage,116,hr,312,Nay
passage-suspension,116,hres,393,Yea
passage,116,hr,1158,Yea
passage,116,hres,415,Nay
passage,116,hres,326,Nay
passage-suspension,116,hr,1892,Yea
passage-suspension,116,hr,4761,Yea
passage,116,hr,1994,Yea
passage-suspension,116,hr,748,Yea
passage-suspension,116,hr,2409,Yea
passage-suspension,116,hr,5084,Nay
passage,116,hr,3494,Yea
passage-suspension,116,hr,375,Yea
passage,116,hres,772,Nay
passage,116,hres,377,Nay
passage-suspension,116,s,2710,Yea
passage,116,hres,460,Nay
passage,116,hr,3055,Nay
passage-suspension,116,hr,3050,Yea
passage,116,hres,208,Nay
passage-suspension,116,hr,135,Yea
passage-suspension,116,hr,1654,Yea
passage-suspension,116,hr,2426,Yea
passage-suspension,116,hr,2440,Yea
passage,116,hres,105,Nay
passage,116,hres,271,Nay
passage-suspension,116,hr,428,Yea
passage,116,hjres,31,Nay
passage,116,hres,274,Nay
passage,116,hr,1941,Nay
passage-suspension,116,hr,769,Yea
passage-suspension,116,hr,66,Yea
passage,116,hres,144,Nay
passage-suspension,116,hr,1876,Yea
passage,116,hjres,46,Nay
passage,116,hr,2513,Nay
passage,116,hres,576,Yea
passage-suspension,116,hr,4407,Yea
passage-suspension,116,hr,777,Yea
passage,116,hr,2203,Nay
passage-suspension,116,hr,596,Yea
passage-suspension,116,hres,41,Yea
passage,116,hres,43,Nay
passage,116,hconres,24,Yea
passage-suspension,116,hr,3190,Yea
passage-suspension,116,hres,273,Yea
passage,116,hres,87,Nay
passage-suspension,116,hres,328,Yea
passage-suspension,116,s,47,Yea
passage-suspension,116,hr,1420,Yea
passage-suspension,116,hr,831,Yea
passage-suspension,116,hr,449,Yea
passage,116,hr,1112,Nay
passage,116,hr,3624,Nay
passage-suspension,116,hr,269,Yea
passage-suspension,116,hr,251,Yea
passage-suspension,116,hjres,77,Nay
passage-suspension,116,hr,1381,Yea
passage-suspension,116,hr,4406,Yea
passage-suspension,116,hr,2385,Yea
passage,116,hres,124,Nay
passage,116,hr,265,Nay
passage,116,hres,294,Nay
passage-suspension,116,hr,507,Yea
passage-suspension,116,hr,1065,Yea
passage-suspension,116,hr,3375,Yea
passage,116,hr,648,Nay
passage,116,hres,52,Nay
passage,116,hres,558,Nay
passage-suspension,116,hconres,19,Yea
passage,116,hr,5430,Yea
passage,116,hres,61,Nay
passage-suspension,116,hr,91,Not Voting
passage,116,hres,591,Nay
passage,116,hr,7,Nay
passage-suspension,116,hr,95,Yea
passage,116,hr,267,Nay
passage-suspension,116,s,49,Yea
passage,116,hres,629,Nay
passage-suspension,116,hr,4695,Yea
passage,116,hjres,28,Nay
passage,116,hres,122,Nay
passage-suspension,116,hr,4285,Yea
passage-suspension,116,hr,829,Yea
passage-suspension,116,hr,150,Yea
passage,116,hjres,37,Nay
passage,116,hr,1644,Nay
passage-suspension,116,hr,1079,Yea
passage-suspension,116,hr,1331,Yea
passage-suspension,116,hr,450,Yea
passage,116,hres,5,Nay
passage-suspension,116,s,178,Yea
passage-suspension,116,hres,432,Yea
passage-suspension,116,hr,2548,Yea
passage-suspension,116,hr,1952,Yea
passage,116,hres,492,Nay
passage-suspension,116,hres,546,Nay
passage,116,s,1790,Yea
passage-suspension,116,hr,3530,Yea
passage,116,hr,3401,Nay
passage-suspension,116,hr,4634,Yea
passage-suspension,116,hr,542,Yea
passage-suspension,116,hr,4162,Yea
passage-suspension,116,hr,722,Yea
passage,116,hres,491,Nay
passage-suspension,116,hres,106,Yea
passage,116,hr,1865,Yea
passage,116,hres,389,Nay
passage-suspension,116,hr,2037,Not Voting
passage-suspension,116,hr,3224,Yea
passage,116,hr,3351,Nay
passage,116,hres,695,Nay
passage,116,hres,708,Nay
passage-suspension,116,hr,2590,Yea
passage-suspension,116,hr,4344,Nay
passage-suspension,116,hr,2539,Yea
passage,116,hr,3055,Nay
passage-suspension,116,hr,1044,Nay
passage-suspension,116,hr,737,Nay
passage,116,hres,713,Nay
passage,116,hr,729,Nay
passage-suspension,116,hr,299,Yea
passage,116,hres,748,Nay
passage-suspension,116,hr,2379,Yea
passage-suspension,116,hr,3304,Yea
passage-suspension,116,hr,4739,Yea
passage-suspension,116,hr,2157,Yea
passage,116,hres,758,Nay
passage-suspension,116,hres,246,Yea
passage,116,hres,741,Nay
passage-suspension,116,s,1838,Yea
passage-suspension,116,hr,2515,Yea
passage,116,hres,660,Nay
passage-suspension,116,hr,2940,Yea
passage-suspension,116,hr,549,Nay
passage,116,hr,2157,Yea
passage-suspension,116,hr,5363,Yea
passage-suspension,116,hr,2852,Yea
passage,116,hr,8,Nay
passage-suspension,116,hr,624,Yea
passage-suspension,116,hr,540,Yea
passage,116,hr,205,Yea
passage,116,hres,281,Nay
passage,116,hres,329,Nay
passage-suspension,116,hr,1503,Not Voting
passage-suspension,116,hr,693,Nay
passage-suspension,116,hr,116,Yea
passage-suspension,116,hr,1595,Nay
passage-suspension,116,hr,758,Yea
veto-override,116,hjres,46,Nay
passage,116,hres,577,Nay
passage,116,hr,1,Not Voting
passage,116,hres,655,Nay
passage-suspension,116,hr,2115,Yea
passage,116,hres,646,Nay
passage,116,hr,268,Nay
passage-suspension,116,hr,297,Yea
passage,116,hr,3877,Yea
passage,116,hres,145,Nay
passage-suspension,116,hres,79,Nay
passage-suspension,116,hr,1704,Yea
passage-suspension,116,hr,1768,Yea
passage,116,hres,548,Nay
passage-suspension,116,hr,1520,Not Voting
passage-suspension,116,hr,502,Yea
passage-suspension,116,hr,1388,Yea
passage,116,hres,650,Nay
passage-suspension,116,hr,190,Yea
passage-suspension,116,hr,1616,Not Voting
passage-suspension,116,hr,1122,Yea
passage-suspension,116,hres,156,Yea
passage-suspension,116,hjres,27,Nay
passage,116,hres,866,Nay
passage-suspension,116,hres,387,Yea
passage-suspension,116,hr,6074,Yea
passage-suspension,116,hr,4852,Yea
passage-suspension,116,hr,6210,Not Voting
passage,116,hr,2486,Nay
passage,116,hr,2486,Nay
passage-suspension,116,hr,8337,Not Voting
passage,116,hr,2,Nay
passage,116,hres,790,Nay
passage,116,hres,965,Nay
passage,116,hr,6800,Nay
passage,116,hres,811,Nay
passage,116,hres,1028,Nay
passage,116,hr,6395,Yea
passage,116,hr,1957,Nay
passage-suspension,116,hr,2490,Yea
passage-suspension,116,hr,5664,Not Voting
passage-suspension,116,hr,5932,Yea
passage-suspension,116,hr,7909,Yea
passage,116,hres,798,Nay
passage-suspension,116,hr,4331,Yea
passage,116,hres,967,Nay
passage-suspension,116,s,979,Not Voting
passage-suspension,116,hr,5758,Not Voting
passage-suspension,116,hjres,110,Not Voting
passage,116,hres,1224,Nay
passage,116,hres,1271,Not Voting
passage-suspension,116,hr,8900,Not Voting
passage-suspension,116,hjres,107,Not Voting
passage,116,hres,1161,Nay
passage,116,hr,925,Not Voting
passage-suspension,116,hr,2881,Yea
passage,116,hres,779,Nay
passage,116,hr,6395,Not Voting
passage,116,hres,1129,Not Voting
passage-suspension,116,hres,512,Not Voting
passage,116,hres,1244,Not Voting
veto-override,116,hr,6395,Not Voting
passage-suspension,116,s,461,Not Voting
passage-suspension,116,hres,1155,Not Voting
passage-suspension,116,hr,451,Not Voting
passage,116,hr,4447,Not Voting
passage-suspension,116,hr,8354,Not Voting
passage-suspension,116,hr,9051,Not Voting
passage,116,hr,1425,Nay
passage,116,hr,550,Nay
passage,116,hr,550,Nay
passage,116,hres,981,Nay
passage,116,hr,2546,Nay
passage-suspension,116,hr,3413,Yea
passage,116,hres,826,Nay
passage,116,hres,844,Nay
passage-suspension,116,hr,4894,Yea
passage-suspension,116,hres,756,Yea
passage-suspension,116,s,2193,Yea
passage-suspension,116,hr,6782,Nay
passage-suspension,116,hr,7010,Yea
passage,116,hr,51,Nay
passage-suspension,116,s,3201,Yea
passage-suspension,116,hr,4044,Yea
passage,116,hr,7027,Nay
passage-suspension,116,hr,1980,Yea
passage-suspension,116,hr,1771,Yea
passage,116,hr,8015,Nay
passage,116,hres,1053,Nay
passage,116,hr,7617,Nay
passage,116,hres,938,Nay
passage,116,hr,535,Nay
passage-suspension,116,hr,4335,Yea
passage-suspension,116,hr,266,Yea
passage,116,hjres,76,Nay
passage-suspension,116,s,1678,Yea
passage-suspension,116,hr,35,Yea
passage,116,hr,2694,Not Voting
passage-suspension,116,hr,2819,Not Voting
passage,116,hr,2574,Nay
passage-suspension,116,hr,4508,Yea
passage,116,hr,7608,Not Voting
passage,116,hres,833,Nay
passage,116,hr,2339,Not Voting
passage-suspension,116,hr,4704,Yea
passage-suspension,116,hr,943,Yea
passage-suspension,116,hr,2398,Yea
passage-suspension,116,hr,6201,Yea
passage-suspension,116,hr,7573,Nay
passage-suspension,116,hr,5003,Yea
passage,116,hres,1067,Nay
passage-suspension,116,s,2163,Yea
passage,116,hres,908,Not Voting
passage,116,hres,1060,Not Voting
passage,116,hjres,79,Nay
passage,116,hres,877,Nay
passage-suspension,116,s,3147,Yea
passage,116,hres,781,Nay
passage,116,hres,1154,Not Voting
passage,116,hr,8294,Nay
passage-suspension,116,hr,5078,Yea
passage-suspension,116,hr,4764,Yea
passage,116,hres,1164,Not Voting
passage-suspension,116,s,906,Not Voting
passage-suspension,116,hr,3250,Not Voting
passage-suspension,116,hr,7995,Not Voting
passage,116,hres,1153,Not Voting
passage,116,hr,6270,Nay
passage-suspension,116,s,327,Yea
passage-suspension,116,hr,4611,Yea
passage,116,hconres,83,Nay
passage-suspension,116,s,2216,Not Voting
passage-suspension,116,hr,5040,Not Voting
passage,116,hr,133,Not Voting
passage-suspension,116,hr,1380,Not Voting
passage,116,hr,3884,Not Voting
passage,116,hr,133,Not Voting
passage-suspension,116,s,2981,Not Voting
passage,116,hr,2639,Nay
passage-suspension,116,hr,2932,Yea
passage-suspension,116,s,760,Yea
passage,116,hres,1092,Nay
passage,116,hr,1140,Nay
veto-override,116,hjres,76,Nay
passage-suspension,116,hr,2382,Yea
passage,116,hjres,90,Nay
passage-suspension,116,hres,410,Yea
passage,116,hres,1107,Nay
passage,116,hr,7327,Nay
passage,116,hres,891,Nay
passage,116,hr,5687,Nay
passage,116,hr,6172,Yea
passage,116,hres,1017,Nay
passage,116,hr,7301,Nay
passage-suspension,116,s,3744,Yea
passage-suspension,116,hr,4031,Yea
passage,116,hr,5332,Nay
passage,116,hr,7120,Nay
passage,116,hr,3621,Nay
passage-suspension,117,hr,3197,Yea
passage-suspension,117,hr,203,Yea
passage,117,hr,963,Nay
passage-suspension,117,hr,700,Yea
passage,117,hres,1508,Nay
passage-suspension,117,hr,2954,Yea
passage-suspension,117,hr,6899,Yea
passage,117,hr,7900,Yea
passage-suspension,117,hr,5001,Yea
passage-suspension,117,hr,6871,Yea
passage,117,hr,9640,Nay
passage-suspension,117,hr,1437,Yea
passage,117,hres,1232,Nay
passage,117,hr,1948,Nay
passage-suspension,117,hr,3539,Yea
passage-suspension,117,hr,8454,Yea
passage,117,hres,1256,Nay
passage,117,hr,3485,Nay
passage-suspension,117,s,3168,Yea
passage-suspension,117,hr,7077,Yea
passage-suspension,117,s,3527,Yea
passage-suspension,117,hr,3359,Yea
passage-suspension,117,s,3499,Yea
passage-suspension,117,s,812,Yea
passage,117,hres,900,Nay
passage,117,hr,3617,Nay
passage-suspension,117,s,2959,Yea
passage-suspension,117,hr,1916,Nay
passage,117,hres,1224,Nay
passage-suspension,117,hr,6089,Yea
passage-suspension,117,hr,923,Yea
passage-suspension,117,hr,1917,Yea
passage-suspension,117,s,66,Yea
passage,117,hr,8296,Nay
passage-suspension,117,hr,4738,Yea
passage-suspension,117,s,2796,Yea
passage-suspension,117,s,1760,Yea
passage-suspension,117,hr,7734,Yea
passage-suspension,117,hr,2842,Nay
passage-suspension,117,s,1872,Yea
passage,117,hres,1529,Nay
passage-suspension,117,hr,5659,Yea
passage-suspension,117,hr,6868,Yea
passage-suspension,117,s,3875,Yea
passage-suspension,117,hr,1934,Yea
passage-suspension,117,s,2629,Yea
passage-suspension,117,hr,6531,Yea
passage-suspension,117,s,3308,Yea
passage-suspension,117,hr,224,Yea
passage-suspension,117,hr,7337,Yea
passage,117,hr,8876,Yea
passage,117,hres,979,Nay
passage-suspension,117,hr,5271,Yea
passage-suspension,117,hr,6930,Yea
passage-suspension,117,hr,5657,Yea
passage-suspension,117,hr,4693,Yea
passage-suspension,117,hr,7174,Yea
passage-suspension,117,s,452,Yea
passage-suspension,117,hr,7352,Yea
passage,117,hr,1808,Nay
passage-suspension,117,s,3451,Yea
passage-suspension,117,hr,5774,Yea
passage,117,hr,7606,Nay
passage-suspension,117,s,4785,Yea
passage-suspension,117,hr,5879,Yea
passage-suspension,117,,,Yea
passage,117,hres,1316,Nay
passage-suspension,117,s,4003,Nay
passage-suspension,117,hr,8463,Yea
passage-suspension,117,hr,2724,Yea
passage-suspension,117,hr,6943,Yea
passage,117,hres,1404,Nay
passage-suspension,117,,,Yea
passage-suspension,117,hr,5455,Nay
passage-suspension,117,,,Yea
passage-suspension,117,hr,7335,Yea
passage,117,s,2938,Yea
passage-suspension,117,s,2490,Yea
passage-suspension,117,hr,884,Yea
passage,117,hr,5376,Nay
passage-suspension,117,hr,7622,Yea
passage-suspension,117,hr,7283,Yea
passage-suspension,117,s,2293,Yea
passage-suspension,117,hr,7334,Yea
passage-suspension,117,hr,7777,Yea
passage-suspension,117,hres,1125,Yea
passage,117,hres,1499,Nay
passage,117,hres,1361,Nay
passage-suspension,117,hr,5738,Yea
passage,117,s,4524,Nay
passage-suspension,117,hr,2992,Yea
passage-suspension,117,,,Yea
passage,117,hres,860,Nay
passage-suspension,117,s,4089,Yea
passage-suspension,117,s,3846,Yea
passage-suspension,117,hr,7153,Yea
passage,117,hr,6448,Yea
passage,117,hres,1396,Nay
passage-suspension,117,s,2514,Yea
passage-suspension,117,hr,8888,Yea
passage-suspension,117,hr,4785,Yea
passage,117,hres,1153,Nay
passage,117,hr,3843,Nay
passage,117,hres,1124,Nay
passage-suspension,117,hr,7321,Yea
passage,117,hr,6878,Nay
passage-suspension,117,hr,5407,Yea
passage,117,hr,4176,Nay
passage-suspension,117,hr,7667,Yea
passage,117,hres,1204,Nay
passage-suspension,117,hr,7776,Yea
passage,117,hr,3372,Yea
passage-suspension,117,hr,6965,Yea
passage,117,hr,7780,Nay
passage-suspension,117,s,4900,Yea
passage-suspension,117,,,Yea
passage-suspension,117,hr,3482,Yea
passage-suspension,117,hr,7500,Yea
passage-suspension,117,s,3662,Yea
passage-suspension,117,hr,6376,Yea
passage,117,hres,1377,Nay
passage,117,s,2938,Nay
passage-suspension,117,hr,7694,Yea
passage,117,hr,4346,Nay
passage,117,hres,1289,Nay
passage,117,hr,2377,Nay
passage,117,hr,8326,Nay
passage-suspension,117,s,2089,Yea
passage,117,hr,302,Nay
passage-suspension,117,hr,7108,Yea
passage,117,s,1942,Nay
passage-suspension,117,s,583,Yea
passage,117,hr,4445,Nay
passage,117,hres,1531,Nay
passage,117,hr,3807,Nay
passage-suspension,117,hres,831,Yea
passage-suspension,117,hr,4476,Yea
passage,117,hr,2617,Nay
passage-suspension,117,,,Yea
passage-suspension,117,,,Yea
passage-suspension,117,hres,956,Yea
passage,117,hres,1254,Nay
passage,117,s,3522,Yea
passage,117,hr,8404,Nay
passage,117,s,4003,Nay
passage-suspension,117,hr,5616,Yea
passage-suspension,117,hr,6824,Yea
passage,117,hr,8404,Nay
passage-suspension,117,hr,3508,Yea
passage-suspension,117,hr,5343,Yea
passage-suspension,117,hr,7289,Yea
passage-suspension,117,hr,5547,Nay
passage-suspension,117,hr,6825,Nay
passage-suspension,117,hr,5681,Yea
passage-suspension,117,hr,5689,Yea
passage-suspension,117,hr,5641,Yea
passage-suspension,117,hr,7939,Yea
passage-suspension,117,hr,6968,Yea
passage-suspension,117,s,3773,Yea
passage-suspension,117,hr,6552,Yea
passage-suspension,117,hr,5658,Yea
passage-suspension,117,hconres,70,Yea
passage-suspension,117,s,2938,Nay
passage,117,hr,2499,Yea
passage-suspension,117,s,658,Yea
passage,117,hres,1510,Nay
passage-suspension,117,hr,209,Yea
passage-suspension,117,hr,5673,Yea
passage,117,hr,5129,Nay
passage,117,hr,2471,Nay
passage,117,hres,1065,Nay
passage,117,s,3905,Nay
passage,117,hres,950,Nay
passage,117,hr,3967,Nay
passage,117,hr,1437,Nay
passage-suspension,117,s,144,Yea
passage,117,s,3373,Nay
passage,117,hr,4673,Nay
passage-suspension,117,hres,1168,Yea
passage-suspension,117,hres,833,Yea
passage-suspension,117,hr,4133,Yea
passage,117,hr,6538,Yea
passage-suspension,117,s,4052,Yea
passage-suspension,117,hres,720,Yea
passage-suspension,117,hr,6865,Yea
passage-suspension,117,hr,6891,Yea
passage-suspension,117,hr,3113,Yea
passage-suspension,117,hr,6873,Yea
passage-suspension,117,hr,4380,Yea
passage,117,hr,2116,Nay
passage-suspension,117,hr,5900,Yea
passage-suspension,117,hconres,45,Yea
passage-suspension,117,hr,7066,Yea
passage-suspension,117,hr,2324,Yea
passage,117,hr,6929,Nay
passage-suspension,117,s,4926,Yea
passage-suspension,117,hr,847,Yea
passage,117,hr,8297,Nay
passage-suspension,117,hr,5914,Yea
passage-suspension,117,s,5168,Yea
passage-suspension,117,hr,7180,Yea
passage-suspension,117,hr,55,Yea
passage-suspension,117,hr,7108,Yea
passage-suspension,117,hr,5274,Yea
passage-suspension,117,hr,7311,Yea
passage-suspension,117,hr,3344,Yea
passage-suspension,117,hr,521,Yea
passage-suspension,117,hr,5577,Yea
passage,117,hr,6833,Nay
passage-suspension,117,s,321,Yea
passage-suspension,117,hr,3588,Yea
passage-suspension,117,hr,5911,Yea
passage-suspension,117,hres,1130,Yea
passage-suspension,117,s,2333,Yea
passage-suspension,117,s,2834,Yea
passage-suspension,117,hr,8351,Yea
passage-suspension,117,hr,5324,Yea
passage-suspension,117,hr,735,Yea
passage-suspension,117,hres,892,Yea
passage-suspension,117,hr,1621,Yea
passage-suspension,117,hr,6386,Yea
passage,117,hr,7946,Nay
passage-suspension,117,hr,6434,Yea
passage,117,hr,7309,Nay
passage-suspension,117,hr,935,Yea
passage-suspension,117,hr,2116,Nay
passage,117,hr,6968,Yea
passage-suspension,117,s,2520,Yea
passage-suspension,117,,,Yea
passage-suspension,117,s,3294,Yea
passage-suspension,117,hr,7081,Yea
passage-suspension,117,hconres,59,Yea
passage,117,hr,8873,Nay
passage,117,hr,7790,Nay
passage,117,hr,1836,Yea
passage,117,hr,6833,Nay
passage-suspension,117,s,3369,Yea
passage-suspension,117,hr,7791,Yea
passage-suspension,117,hr,3630,Yea
passage-suspension,117,hr,8446,Yea
passage-suspension,117,s,2533,Yea
passage,117,hres,868,Nay
passage-suspension,117,hr,5441,Nay
passage,117,hr,6531,Yea
passage-suspension,117,hr,1456,Nay
passage-suspension,117,hr,6961,Yea
passage,117,hr,5118,Nay
passage-suspension,117,hr,6538,Nay
passage,117,hr,7910,Nay
passage,117,hres,1339,Nay
passage-suspension,117,hr,5315,Nay
passage,117,hres,1191,Nay
passage-suspension,117,s,2102,Yea
passage-suspension,117,hr,6064,Yea
passage,117,hres,1464,Nay
passage,117,hr,5746,Nay
passage,117,hres,1372,Nay
passage-suspension,117,s,2794,Yea
passage-suspension,117,hr,6052,Yea
passage-suspension,117,hr,2250,Yea
passage,117,s,1098,Nay
passage-suspension,117,s,4359,Yea
passage,117,hr,350,Nay
passage,117,hr,8987,Yea
passage,117,hr,2543,Nay
passage-suspension,117,hr,1066,Nay
passage,117,hr,7666,Yea
passage,117,hr,263,Nay
passage,117,hr,5585,Yea
passage,117,hres,1302,Nay
passage-suspension,117,s,4160,Yea
passage,117,hr,2988,Nay
passage-suspension,117,s,442,Yea
passage-suspension,117,hr,6493,Yea
passage-suspension,117,s,3157,Yea
passage-suspension,117,hr,7664,Yea
passage,117,hres,1300,Nay
passage-suspension,117,s,516,Yea
passage-suspension,117,,,Yea
passage-suspension,117,hr,6270,Yea
passage-suspension,117,hr,6604,Yea
passage-suspension,117,s,2687,Yea
passage,117,hr,8542,Nay
passage-suspension,117,s,3115,Yea
passage-suspension,117,s,2551,Yea
passage,117,hr,7688,Nay
passage,117,hjres,100,Nay
passage-suspension,117,hr,2521,Nay
passage-suspension,117,s,3470,Yea
passage-suspension,117,hr,7211,Yea
passage-suspension,117,s,3580,Yea
passage-suspension,117,s,3895,Yea
passage-suspension,117,hr,7670,Yea
passage-suspension,117,hr,2020,Yea
passage,117,hr,2773,Nay
passage,117,hres,1170,Nay
passage-suspension,117,s,3823,Yea
passage-suspension,117,hr,8466,Yea
passage-suspension,117,,,Yea
passage,117,hconres,119,Nay
passage-suspension,117,s,958,Yea
passage-suspension,117,hr,6087,Nay
passage-suspension,117,hr,7375,Yea
passage,117,hr,4118,Nay
passage-suspension,117,s,231,Yea
passage,117,hr,5768,Nay
passage-suspension,117,hr,5754,Yea
passage-suspension,117,hr,7535,Yea
passage,117,hres,1017,Nay
passage-suspension,117,s,5230,Yea
passage,117,hres,1518,Nay
passage,117,hr,7691,Yea
passage-suspension,117,hr,7025,Yea
passage,117,hr,8294,Nay
passage-suspension,117,hr,91,Yea
passage-suspension,117,s,2126,Yea
passage-suspension,117,s,1617,Yea
passage,117,hres,1119,Nay
passage,117,hres,973,Nay
passage-suspension,117,s,4834,Yea
passage-suspension,117,hr,92,Yea
passage-suspension,117,hr,5706,Nay
passage-suspension,117,s,989,Yea
passage,117,hres,1033,Nay
passage-suspension,117,hr,7314,Yea
passage-suspension,117,s,5087,Yea
passage-suspension,117,s,566,Yea
passage,117,hres,1037,Not Voting
passage-suspension,117,hr,2501,Yea
passage,117,hr,6617,Yea
passage-suspension,117,hr,496,Yea
passage-suspension,117,hr,7693,Yea
passage-suspension,117,hr,207,Yea
passage-suspension,117,s,400,Yea
passage,117,hr,2471,Yea
passage,117,hr,8393,Nay
passage,117,hr,903,Nay
passage-suspension,117,s,1226,Yea
passage-suspension,117,hres,1512,Yea
passage-suspension,117,hr,4404,Yea
passage,117,hres,1097,Nay
passage-suspension,117,s,1466,Yea
passage,117,hres,1519,Nay
passage,117,hr,8373,Nay
passage,117,hres,1023,Nay
passage-suspension,117,hr,7372,Yea
passage,117,hr,3076,Yea
passage-suspension,117,hr,1218,Yea
passage,117,hres,912,Nay
passage-suspension,117,s,497,Yea
passage-suspension,117,s,4104,Yea
passage-suspension,117,s,1402,Yea
passage-suspension,117,hr,7276,Yea
passage,117,hr,4521,Nay
passage,117,hr,8,Nay
passage-suspension,117,,,Yea
passage-suspension,117,hr,485,Nay
passage,117,hr,1620,Nay
passage-suspension,117,hr,1443,Nay
passage-suspension,117,hr,3462,Yea
passage,117,hr,1319,Nay
passage,117,hr,3005,Nay
passage,117,hr,3233,Nay
passage-suspension,117,hr,4660,Yea
passage-suspension,117,hr,5720,Yea
passage-suspension,117,hr,1917,Yea
passage-suspension,117,hr,3193,Yea
passage-suspension,117,hr,1651,Yea
passage-suspension,117,hr,4111,Yea
passage-suspension,117,s,578,Yea
passage-suspension,117,hr,941,Yea
passage-suspension,117,hr,2617,Yea
passage,117,hres,380,Not Voting
passage,117,hconres,11,Nay
passage-suspension,117,hr,1154,Yea
passage,117,hres,409,Nay
passage-suspension,117,hr,1339,Yea
passage-suspension,117,hr,1652,Yea
passage-suspension,117,hr,4352,Not Voting
passage,117,hr,803,Nay
passage,117,hr,3992,Nay
passage,117,hres,503,Nay
passage-suspension,117,hr,4481,Yea
passage-suspension,117,hr,1085,Yea
passage,117,hres,479,Nay
passage-suspension,117,hr,1799,Yea
passage,117,hres,504,Nay
passage,117,hr,3684,Nay
passage-suspension,117,s,848,Yea
passage-suspension,117,hr,1392,Nay
passage,117,hres,85,Nay
passage,117,hr,335,Yea
passage,117,hr,7,Nay
passage,117,hres,101,Nay
passage-suspension,117,,,Not Voting
passage-suspension,117,s,164,Not Voting
passage-suspension,117,hr,2989,Yea
passage,117,hres,41,Nay
passage-suspension,117,hr,4489,Yea
passage-suspension,117,hr,5561,Yea
passage-suspension,117,hr,3531,Yea
passage-suspension,117,hr,5119,Yea
passage-suspension,117,hr,897,Yea
passage-suspension,117,hr,1667,Yea
passage-suspension,117,s,957,Yea
passage,117,hres,555,Nay
passage-suspension,117,,,Nay
passage,117,hres,849,Nay
passage-suspension,117,hr,2074,Yea
passage-suspension,117,hr,5551,Yea
passage-suspension,117,hr,4555,Yea
passage-suspension,117,hr,5487,Yea
passage-suspension,117,hr,4706,Yea
passage,117,hr,4502,Nay
passage-suspension,117,hr,5608,Yea
passage,117,hres,848,Nay
passage,117,hr,2668,Nay
passage,117,hres,1,Not Voting
passage-suspension,117,s,1910,Yea
passage,117,hres,508,Nay
passage-suspension,117,hr,826,Yea
passage-suspension,117,hr,5705,Yea
passage-suspension,117,s,1828,Yea
passage-suspension,117,s,189,Yea
passage-suspension,117,hr,5961,Yea
passage-suspension,117,hr,4300,Yea
passage-suspension,117,hr,4981,Yea
passage-suspension,117,hr,2497,Yea
passage,117,s,1605,Yea
passage,117,hr,3684,Nay
passage,117,hr,4346,Nay
passage-suspension,117,hr,4250,Yea
passage,117,s,610,Nay
passage,117,hres,838,Nay
passage-suspension,117,s,325,Yea
passage-suspension,117,hr,5982,Yea
passage-suspension,117,hr,1693,Yea
passage-suspension,117,hr,5695,Yea
passage,117,hres,667,Nay
passage,117,hres,330,Nay
passage-suspension,117,hr,1029,Yea
passage,117,hres,730,Nay
passage,117,hr,5305,Nay
passage-suspension,117,hr,1487,Yea
passage-suspension,117,hr,4369,Yea
passage-suspension,117,hr,1002,Yea
passage-suspension,117,hr,2379,Yea
passage-suspension,117,s,796,Yea
passage-suspension,117,hr,3730,Yea
passage,117,hres,179,Nay
passage-suspension,117,hr,4026,Yea
passage,117,hr,2547,Nay
passage-suspension,117,s,1095,Yea
passage-suspension,117,,,Yea
passage,117,sjres,13,Nay
passage-suspension,117,,,Yea
passage,117,hr,1603,Nay
passage-suspension,117,s,108,Yea
passage-suspension,117,hr,2685,Yea
passage-suspension,117,hr,1975,Yea
passage,117,s,475,Yea
passage,117,hr,239,Nay
passage,117,hr,1280,Nay
passage-suspension,117,hr,654,Yea
passage-suspension,117,hr,1899,Yea
passage-suspension,117,hr,1502,Yea
passage-suspension,117,hr,4028,Yea
passage-suspension,117,hr,4611,Yea
passage,117,s,1301,Nay
passage-suspension,117,hr,208,Yea
passage,117,hres,147,Nay
passage-suspension,117,hr,4089,Yea
passage-suspension,117,,,Yea
passage,117,hres,727,Nay
passage-suspension,117,hr,550,Yea
passage,117,sjres,14,Nay
passage-suspension,117,hr,5221,Yea
passage,117,hres,275,Nay
passage-suspension,117,hr,3616,Yea
passage,117,hres,486,Nay
passage,117,hr,1443,Nay
passage,117,hres,198,Nay
passage,117,hres,774,Nay
passage-suspension,117,hr,5574,Nay
passage,117,hres,403,Nay
passage-suspension,117,hr,4233,Yea
passage,117,hres,303,Nay
passage,117,hr,3110,Nay
passage,117,hres,38,Nay
passage,117,hres,21,Nay
passage,117,hr,2119,Nay
passage-suspension,117,hr,1215,Yea
passage-suspension,117,hr,1228,Yea
passage,117,hr,51,Nay
passage-suspension,117,s,1511,Yea
passage-suspension,117,hr,3599,Yea
passage,117,hres,72,Nay
passage-suspension,117,hr,4515,Yea
passage-suspension,117,hr,3325,Yea
passage,117,hr,2662,Nay
passage-suspension,117,hr,567,Yea
passage,117,hjres,17,Nay
passage-suspension,117,s,1064,Yea
passage,117,hr,1319,Nay
passage-suspension,117,,,Nay
passage,117,hres,829,Nay
passage,117,hr,1629,Yea
passage-suspension,117,hr,3709,Yea
passage-suspension,117,hr,4679,Yea
passage-suspension,117,hr,4055,Yea
passage,117,hres,166,Nay
passage-suspension,117,hr,5763,Yea
passage,117,hres,688,Nay
passage-suspension,117,hr,1629,Not Voting
passage-suspension,117,hr,4686,Yea
passage,117,hres,91,Nay
passage-suspension,117,hr,1204,Nay
passage-suspension,117,hr,1460,Yea
passage-suspension,117,s,1502,Yea
passage-suspension,117,hr,4045,Yea
passage,117,hr,3237,Nay
passage-suspension,117,hr,390,Yea
passage,117,hres,233,Nay
passage,117,hr,1187,Nay
passage-suspension,117,hr,2220,Yea
passage-suspension,117,hres,760,Yea
passage,117,hr,1446,Nay
passage,117,hres,473,Nay
passage,117,hr,842,Nay
passage-suspension,117,hr,239,Nay
passage-suspension,117,hr,4531,Yea
passage,117,hr,6119,Nay
passage,117,sjres,33,Nay
passage-suspension,117,hr,1664,Yea
passage,117,hr,3985,Yea
passage,117,hres,8,Nay
passage,117,hres,535,Nay
passage,117,hres,851,Nay
passage,117,hr,5314,Nay
passage-suspension,117,hres,317,Yea
passage-suspension,117,hres,837,Yea
passage-suspension,117,hr,3894,Yea
passage-suspension,117,hr,2355,Yea
passage,117,hr,2467,Nay
passage-suspension,117,hr,22,Yea
passage,117,hres,852,Nay
passage,117,hr,5665,Nay
passage-suspension,117,hr,2365,Yea
passage-suspension,117,hr,5323,Yea
passage-suspension,117,hr,2364,Yea
passage-suspension,117,hr,3743,Yea
passage-suspension,117,hr,1155,Yea
passage-suspension,117,hr,3537,Yea
passage,117,hr,4373,Nay
passage-suspension,117,hr,5290,Yea
passage,117,hr,3755,Nay
passage-suspension,117,hr,5293,Yea
passage-suspension,117,hr,5677,Yea
passage-suspension,117,hr,3237,Yea
passage-suspension,117,hr,4996,Yea
passage-suspension,117,hr,2930,Yea
passage-suspension,117,s,272,Yea
passage-suspension,117,hr,2278,Yea
passage-suspension,117,hr,4616,Yea
passage,117,hres,601,Nay
passage,117,hr,4350,Yea
passage-suspension,117,hr,5679,Yea
passage,117,hr,5305,Nay
passage-suspension,117,hr,5609,Yea
passage,117,hr,4,Nay
passage,117,hres,567,Nay
passage-suspension,117,hr,172,Yea
passage-suspension,117,hr,2877,Yea
passage-suspension,117,hr,3469,Yea
passage-suspension,117,s,937,Yea
passage,117,hres,803,Nay
passage-suspension,117,hr,1374,Yea
passage-suspension,117,hres,134,Not Voting
passage-suspension,117,hr,2758,Yea
passage-suspension,117,hr,3593,Yea
passage,117,hres,789,Nay
passage,117,hr,2062,Nay
passage,117,hres,188,Nay
passage-suspension,117,hr,4881,Yea
passage-suspension,117,hr,983,Yea
passage-suspension,117,hr,1996,Nay
passage-suspension,117,hr,3533,Yea
passage,117,hres,716,Nay
passage,117,hr,1333,Nay
passage-suspension,117,hr,1192,Yea
passage,117,hr,1195,Nay
passage-suspension,117,hr,3919,Yea
passage-suspension,117,hr,1762,Yea
passage-suspension,117,hr,1490,Yea
passage-suspension,117,hr,4032,Yea
passage,117,hr,5,Nay
passage,117,hr,1573,Nay
passage,117,hres,795,Nay
passage,117,hr,6,Nay
passage-suspension,117,hr,2088,Yea
passage,117,sjres,15,Nay
passage-suspension,117,hr,2225,Yea
passage,117,hr,1,Nay
passage-suspension,117,hr,1619,Yea
passage,117,hr,256,Nay
passage,117,hr,1868,Yea
passage-suspension,117,hr,4256,Yea
passage-suspension,117,hr,147,Yea
passage-suspension,117,hr,2911,Yea
passage-suspension,117,hr,1868,Yea
passage-suspension,117,hr,391,Nay
passage,117,hr,1065,Nay
passage,117,hr,5376,Nay
passage-suspension,117,hr,4067,Yea
passage-suspension,117,hr,446,Yea
passage-suspension,117,hr,3635,Yea
passage-suspension,117,hr,546,Yea
passage-suspension,117,hr,1482,Yea
passage-suspension,117,hr,5434,Yea
passage-suspension,117,hres,130,Yea
passage,117,hr,447,Nay
passage,118,hr,2925,Yea
passage-suspension,118,hr,7521,Yea
passage-suspension,118,s,546,Yea
passage-suspension,118,hr,4755,Yea
passage-suspension,118,hres,966,Yea
passage-suspension,118,hr,4866,Yea
passage-suspension,118,hres,149,Yea
passage,118,hr,6679,Yea
passage,118,hr,4691,Yea
passage,118,hr,6918,Yea
passage,118,hr,8771,Yea
passage,118,hjres,98,Yea
passage-suspension,118,hr,3250,Yea
passage,118,hr,6914,Yea
passage,118,hr,4639,Yea
passage-suspension,118,s,3427,Yea
passage-suspension,118,hr,5826,Yea
passage,118,hr,8034,Yea
passage,118,hr,529,Yea
passage-suspension,118,hr,7659,Yea
passage-suspension,118,hr,4723,Yea
passage-suspension,118,hr,886,Not Voting
passage-suspension,118,hr,6603,Yea
passage-suspension,118,hr,5528,Yea
passage,118,hr,6678,Yea
passage,118,hr,6046,Yea
passage,118,hres,969,Yea
passage,118,hr,8752,Yea
passage,118,hr,5947,Yea
passage-suspension,118,hr,2754,Yea
passage-suspension,118,s,2051,Yea
passage-suspension,118,hr,6543,Yea
passage,118,hres,1316,Yea
passage,118,hr,8146,Yea
passage-suspension,118,hr,3950,Yea
passage-suspension,118,hr,2789,Yea
passage-suspension,118,hr,2964,Yea
passage,118,hr,8580,Yea
passage,118,hr,354,Yea
passage-suspension,118,hr,4581,Yea
passage-suspension,118,hr,3935,Yea
passage-suspension,118,hr,1797,Yea
passage-suspension,118,hr,6960,Yea
passage,118,hr,7530,Yea
passage-suspension,118,hr,4310,Yea
passage-suspension,118,s,138,Yea
passage-suspension,118,hr,443,Yea
passage-suspension,118,hr,5921,Yea
passage-suspension,118,hr,3354,Yea
passage,118,hr,8036,Yea
passage-suspension,118,hr,4984,Yea
passage,118,hres,1143,Yea
passage-suspension,118,hr,7463,Yea
passage-suspension,118,hr,3843,Yea
passage-suspension,118,hr,7219,Yea
passage,118,hr,1121,Yea
passage,118,hr,6192,Yea
passage-suspension,118,hr,3391,Yea
passage-suspension,118,hr,5923,Yea
passage-suspension,118,hr,2882,Yea
veto-override,118,hjres,98,Yea
passage-suspension,118,hr,3838,Yea
passage,118,hr,3195,Yea
passage,118,hr,6009,Yea
passage,118,hr,7700,Yea
passage-suspension,118,hr,7454,Yea
passage,118,hres,1112,Yea
passage,118,hr,7511,Yea
passage,118,hr,6323,Yea
passage-suspension,118,hr,2766,Yea
passage-suspension,118,hr,7525,Yea
passage-suspension,118,hr,7102,Yea
passage,118,hr,8774,Yea
passage,118,hres,957,Yea
passage-suspension,118,s,3250,Yea
passage-suspension,118,hr,897,Not Voting
passage-suspension,118,hr,3033,Yea
passage,118,hr,5585,Yea
passage,118,hres,1344,Yea
passage,118,hres,1065,Yea
passage-suspension,118,hr,1767,Yea
passage-suspension,118,hr,4143,Yea
passage,118,hjres,165,Yea
passage-suspension,118,hr,3202,Yea
passage-suspension,118,hr,3738,Yea
passage-suspension,118,hr,4877,Yea
passage-suspension,118,hres,883,Yea
passage-suspension,118,hres,288,Yea
passage-suspension,118,hr,6655,Yea
passage-suspension,118,hr,5441,Not Voting
passage-suspension,118,hr,2872,Nay
passage-suspension,118,hr,5862,Yea
passage-suspension,118,hres,1102,Yea
passage-suspension,118,hr,4824,Yea
passage-suspension,118,hr,1752,Not Voting
passage,118,hr,8035,Yea
passage-suspension,118,hr,5856,Yea
veto-override,118,hjres,109,Yea
passage,118,hr,615,Yea
passage,118,hr,7109,Yea
passage-suspension,118,hr,6093,Yea
passage-suspension,118,s,870,Yea
passage-suspension,118,hr,4016,Yea
passage,118,hr,8772,Yea
passage-suspension,118,hr,3019,Yea
passage,118,hres,1213,Yea
passage,118,sjres,38,Yea
passage-suspension,118,hr,6571,Yea
passage,118,hr,8282,Yea
passage-suspension,118,hres,901,Yea
passage,118,hr,8369,Yea
passage-suspension,118,hr,839,Yea
passage-suspension,118,hr,6572,Yea
passage-suspension,118,hr,5863,Yea
passage,118,hr,788,Yea
passage-suspension,118,hr,7152,Yea
passage,118,hr,7581,Yea
passage,118,hr,7343,Yea
passage,118,hres,1292,Yea
passage-suspension,118,hr,6983,Yea
passage-suspension,118,hres,1215,Yea
passage-suspension,118,hr,4510,Yea
passage,118,hres,1210,Yea
passage,118,hjres,109,Yea
passage,118,hr,7176,Yea
passage,118,hres,1160,Yea
passage,118,hr,8038,Yea
passage-suspension,118,hr,6544,Yea
passage,118,hconres,86,Yea
passage,118,hr,7637,Yea
passage-suspension,118,hr,8289,Yea
passage-suspension,118,hres,1061,Yea
passage-suspension,118,hr,7024,Yea
passage-suspension,118,hr,6015,Yea
passage-suspension,118,hr,2560,Yea
passage-suspension,118,hr,4681,Yea
passage-suspension,118,hr,7520,Yea
passage-suspension,118,hr,3821,Yea
passage-suspension,118,hr,7423,Yea
passage,118,hr,6090,Yea
passage,118,hres,987,Yea
passage-suspension,118,hr,5375,Yea
passage-suspension,118,hr,1836,Yea
passage-suspension,118,hr,3602,Yea
passage-suspension,118,hr,533,Yea
passage-suspension,118,hr,5917,Yea
passage-suspension,118,hr,7217,Yea
passage-suspension,118,s,382,Yea
passage-suspension,118,hr,1727,Yea
passage-suspension,118,hr,6245,Yea
passage-suspension,118,hr,6408,Yea
passage,118,hr,6976,Yea
passage-suspension,118,hconres,25,Yea
passage-suspension,118,hr,4470,Yea
passage-suspension,118,hr,3981,Yea
passage,118,hjres,88,Yea
passage,118,hr,4821,Yea
passage,118,hr,4364,Yea
passage-suspension,118,hr,302,Yea
passage,118,hjres,74,Nay
passage,118,hr,382,Yea
passage,118,hres,773,Nay
passage-suspension,118,hr,1607,Yea
passage,118,hconres,21,Nay
passage,118,hres,11,Yea
passage-suspension,118,hr,663,Yea
passage,118,hr,2811,Yea
passage-suspension,118,s,475,Yea
passage,118,hr,4468,Yea
passage-suspension,118,hr,1353,Yea
passage,118,hr,4368,Yea
passage-suspension,118,hr,1154,Yea
passage-suspension,118,hr,1107,Yea
passage,118,hr,4665,Yea
passage-suspension,118,hr,3774,Yea
passage,118,hres,12,Yea
passage-suspension,118,hr,753,Yea
passage,118,hjres,68,Nay
passage,118,hr,26,Yea
passage,118,hjres,70,Nay
passage,118,hconres,9,Yea
passage-suspension,118,hr,2812,Yea
passage,118,hres,845,Yea
passage,118,hres,456,Yea
veto-override,118,hjres,45,Yea
passage,118,hres,521,Yea
passage-suspension,118,hr,1734,Yea
passage-suspension,118,hres,793,Yea
passage,118,hr,288,Yea
passage,118,hr,3799,Yea
passage-suspension,118,hr,2796,Yea
passage-suspension,118,hr,3089,Yea
passage-suspension,118,hres,888,Yea
passage-suspension,118,hres,363,Yea
passage-suspension,118,hres,894,Not Voting
passage-suspension,118,hr,2792,Yea
passage,118,sjres,32,Yea
passage-suspension,118,hr,1339,Yea
passage,118,hr,2,Yea
passage,118,hr,277,Yea
passage-suspension,118,hr,1096,Yea
veto-override,118,hjres,42,Yea
passage,118,hr,467,Yea
passage,118,hconres,30,Nay
passage,118,hres,878,Yea
passage-suspension,118,hr,542,Not Voting
passage-suspension,118,hr,2795,Yea
passage,118,hjres,44,Yea
passage,118,hr,1615,Yea
passage-suspension,118,hr,1548,Yea
passage-suspension,118,hr,359,Yea
passage,118,hjres,30,Yea
passage-suspension,118,hr,346,Yea
passage-suspension,118,s,111,Yea
passage-suspension,118,hr,300,Yea
passage-suspension,118,hres,798,Yea
passage,118,hr,4366,Yea
passage-suspension,118,hr,3324,Not Voting
passage,118,hr,140,Not Voting
passage-suspension,118,hr,406,Yea
passage-suspension,118,hr,1151,Yea
passage-suspension,118,hres,927,Yea
passage-suspension,118,hr,5860,Yea
passage,118,hr,21,Yea
passage-suspension,118,hr,500,Yea
passage-suspension,118,hr,2379,Yea
passage-suspension,118,hres,240,Yea
passage,118,hr,6126,Yea
passage-suspension,118,hr,159,Yea
passage-suspension,118,hr,400,Yea
passage,118,hr,2670,Yea
passage,118,hr,1147,Yea
passage-suspension,118,hr,4502,Yea
veto-override,118,hjres,30,Yea
passage,118,hr,1,Yea
passage-suspension,118,hr,1567,Not Voting
passage,118,sjres,9,Yea
passage,118,hr,4394,Yea
passage,118,hr,139,Yea
passage-suspension,118,hres,559,Yea
passage,118,hjres,71,Nay
passage,118,hjres,7,Yea
passage-suspension,118,hr,1226,Yea
passage-suspension,118,hconres,57,Yea
passage,118,hr,23,Yea
passage,118,hr,4367,Yea
passage-suspension,118,hr,5378,Yea
passage,118,hr,734,Yea
passage,118,hr,4365,Yea
passage,118,hres,914,Yea
passage-suspension,118,hr,1338,Yea
passage,118,hr,5933,Yea
passage,118,hr,1435,Yea
passage-suspension,118,hr,1123,Yea
passage,118,hres,5,Yea
passage-suspension,118,hr,340,Yea
passage,118,hres,76,Yea
passage,118,hjres,79,Nay
passage-suspension,118,hr,813,Yea
passage,118,hr,3935,Yea
passage-suspension,118,hr,3224,Yea
passage,118,hr,5692,Yea
passage-suspension,118,hres,90,Yea
passage-suspension,118,hres,311,Yea
passage-suspension,118,s,112,Yea
passage-suspension,118,hr,6503,Yea
passage-suspension,118,hr,593,Yea
passage-suspension,118,hr,1105,Yea
passage-suspension,118,hr,1156,Yea
passage-suspension,118,hres,382,Yea
passage,118,hr,3564,Yea
passage-suspension,118,hr,2793,Yea
passage-suspension,118,hr,3672,Yea
passage-suspension,118,hr,1076,Yea
passage,118,hr,5961,Yea
passage-suspension,118,hr,1606,Yea
passage,118,hres,461,Yea
passage-suspension,118,hr,2797,Yea
passage,118,hr,1640,Yea
passage-suspension,118,hr,1530,Yea
passage,118,hres,906,Not Voting
passage-suspension,118,hr,676,Yea
passage-suspension,118,hr,6363,Yea
passage-suspension,118,hr,1715,Yea
passage-suspension,118,hr,1547,Not Voting
passage,118,sjres,11,Yea
passage-suspension,118,hr,1669,Yea
passage-suspension,118,hr,3099,Yea
passage-suspension,118,hr,5110,Yea
passage,118,hjres,45,Yea
veto-override,118,hjres,39,Yea
passage-suspension,118,hr,3848,Not Voting
passage,118,hjres,39,Yea
passage-suspension,118,hr,1149,Yea
passage,118,hres,757,Nay
passage-suspension,118,hr,589,Yea
passage,118,hjres,27,Yea
passage-suspension,118,hr,5524,Yea
passage-suspension,118,hr,5119,Yea
passage-suspension,118,hr,1159,Yea
passage-suspension,118,hr,3152,Yea
passage-suspension,118,hres,771,Yea
veto-override,118,hjres,27,Yea
passage,118,hconres,3,Yea
passage-suspension,118,hres,132,Yea
passage,118,hjres,24,Yea
passage,118,hr,185,Yea
passage-suspension,118,hr,2670,Yea
passage,118,hr,5525,Yea
passage,118,hr,3941,Yea
passage-suspension,118,hr,2365,Yea
passage,118,sjres,24,Yea
passage-suspension,118,s,788,Yea
passage-suspension,118,hr,1093,Yea
passage,118,hjres,42,Yea
passage,118,s,619,Yea
passage-suspension,118,hr,4531,Yea
passage-suspension,118,hres,492,Yea
passage-suspension,118,hres,104,Yea
passage-suspension,118,hconres,7,Yea
passage,118,hjres,26,Yea
passage-suspension,118,hr,538,Yea
passage,118,hr,22,Yea
